source_path,relative_path,filename,extension,mime_type,size_bytes,modified_at,sha256,readable_status,zero_byte_status,probable_year,probable_category,probable_issue,probable_indicator,related_indicators,content_class,evidence_type,visibility,mapping_status,confidence,duplicate_of,recommended_action,notes
/home/rae_admin/joomla-greenoffice/joomla_data/.htaccess,.htaccess,.htaccess,,application/octet-stream,6900,2026-02-12T13:49:36+07:00,149d3f6cac38ead4e6327e943a87b74d0e3e4cd22561099d9ab563ce28dd24d8,readable,non_zero,2569,,,,,unknown,other,review,unmapped,low,,manual_review,
/home/rae_admin/joomla-greenoffice/joomla_data/images/favicon.ico,images/favicon.ico,favicon.ico,ico,image/vnd.microsoft.icon,270398,2026-01-23T00:15:26+07:00,505f5c4b31d9374606fb85151d7e833b430907814e5d7f0a0513bd4710d7ac5b,readable,non_zero,2569,2,2.2,2.2.1,2.2.1,activity_image,photo_evidence,review,needs_review,low,,manual_review,
/home/rae_admin/joomla-greenoffice/joomla_data/images/gallery1.jpg,images/gallery1.jpg,gallery1.jpg,jpg,image/jpeg,124321,2026-01-23T00:15:26+07:00,3bb7975dea3d27657f1f0a2a63d0d2bc1bec7055b4ede5e615e9b0e2c61290e1,readable,non_zero,2569,2,2.2,2.2.1,2.2.1,activity_image,photo_evidence,review,needs_review,low,,manual_review,
/home/rae_admin/joomla-greenoffice/joomla_data/images/logogreen135.png,images/logogreen135.png,logogreen135.png,png,image/png,14236,2026-02-13T16:22:00+07:00,859e0a032e6b5c140f21b2c757afaa000744513bb30b1e6e2b978320b8086ac8,readable,non_zero,2569,2,2.2,2.2.1,2.2.1,activity_image,photo_evidence,review,needs_review,low,,manual_review,
/home/rae_admin/joomla-greenoffice/joomla_data/images/gallery1-small.jpg,images/gallery1-small.jpg,gallery1-small.jpg,jpg,image/jpeg,27245,2026-01-23T00:15:26+07:00,09cf5345c97f345f6ac3b90ebdbff58218770cdec06d99f9192f63d6eaafe92b,readable,non_zero,2569,2,2.2,2.2.1,2.2.1,activity_image,photo_evidence,review,needs_review,low,,manual_review,
/home/rae_admin/joomla-greenoffice/joomla_data/images/joomla_black.png,images/joomla_black.png,joomla_black.png,png,image/png,4979,2026-01-23T00:15:26+07:00,b9781c9e0e5f4689e9b0e8e109a2842645f449045031debd6d800b80cc65c463,readable,non_zero,2569,2,2.2,2.2.1,2.2.1,activity_image,photo_evidence,review,needs_review,low,,manual_review,
/home/rae_admin/joomla-greenoffice/joomla_data/images/powered_by.png,images/powered_by.png,powered_by.png,png,image/png,3197,2026-01-23T00:15:26+07:00,2d6b2ef61f674d3377b1b1cf9bae22e6202bbe67cfbef7f6dcaf7e2c373a0e09,readable,non_zero,2569,2,2.2,2.2.1,2.2.1,activity_image,photo_evidence,review,needs_review,low,,manual_review,
/home/rae_admin/joomla-greenoffice/joomla_data/images/favicong.png,images/favicong.png,favicong.png,png,image/png,20552,2026-02-13T16:13:48+07:00,3edb97c8dd5327224976c61c160f4e4638452d4f5f74b7d1132a7b29ac6fcc23,readable,non_zero,2569,2,2.2,2.2.1,2.2.1,activity_image,photo_evidence,review,needs_review,low,,manual_review,
/home/rae_admin/joomla-greenoffice/joomla_data/images/banners/shop-ad-books.jpg,images/banners/shop-ad-books.jpg,shop-ad-books.jpg,jpg,image/jpeg,10920,2026-01-23T00:15:26+07:00,98243d901078a3e25f1562dd197b0658aab12a2dd2798b91f8f2dac87ed9766c,readable,non_zero,2569,2,2.2,2.2.1,2.2.1,public_story_asset,photo_evidence,public,needs_review,low,,manual_review,
/home/rae_admin/joomla-greenoffice/joomla_data/images/banners/osmbanner2.png,images/banners/osmbanner2.png,osmbanner2.png,png,image/png,3483,2026-01-23T00:15:26+07:00,7daf7b90929d1d22e3df9b2ad436c28698d07d623381b18bfae3c6146a4bb578,readable,non_zero,2569,2,2.2,2.2.1,2.2.1,public_story_asset,photo_evidence,public,needs_review,low,,manual_review,
/home/rae_admin/joomla-greenoffice/joomla_data/images/banners/white.png,images/banners/white.png,white.png,png,image/png,3558,2026-01-23T00:15:26+07:00,17e41683b34656898d34fb8551b0cb090efe660d3180ac09fe3efd074564d342,readable,non_zero,2569,2,2.2,2.2.1,2.2.1,public_story_asset,photo_evidence,public,needs_review,low,,manual_review,
/home/rae_admin/joomla-greenoffice/joomla_data/images/banners/shop-ad.jpg,images/banners/shop-ad.jpg,shop-ad.jpg,jpg,image/jpeg,10119,2026-01-23T00:15:26+07:00,ba71ae5f26f13529eae84737ce7be1909c4dbe36561cad308f0b4084e989a86e,readable,non_zero,2569,2,2.2,2.2.1,2.2.1,public_story_asset,photo_evidence,public,needs_review,low,,manual_review,
/home/rae_admin/joomla-greenoffice/joomla_data/images/banners/osmbanner1.png,images/banners/osmbanner1.png,osmbanner1.png,png,image/png,3447,2026-01-23T00:15:26+07:00,6d8356d3269b460063921d3b372b57964a89f1d8a04b36ff2a8f6b9476457acd,readable,non_zero,2569,2,2.2,2.2.1,2.2.1,public_story_asset,photo_evidence,public,needs_review,low,,manual_review,
/home/rae_admin/joomla-greenoffice/joomla_data/images/headers/maple.jpg,images/headers/maple.jpg,maple.jpg,jpg,image/jpeg,33870,2026-01-23T00:15:26+07:00,3e2d8e166de18a12ceba99a0cb5a4d78fdf0a7ca945a8499dd06c4dfb83ecbe8,readable,non_zero,2569,2,2.2,2.2.1,2.2.1,public_story_asset,photo_evidence,public,needs_review,low,,manual_review,
/home/rae_admin/joomla-greenoffice/joomla_data/images/headers/walden-pond.jpg,images/headers/walden-pond.jpg,walden-pond.jpg,jpg,image/jpeg,22716,2026-01-23T00:15:26+07:00,119a6637d82d5bc0f364c25b15744c818a3a298605533c35b4cdd5820b75968b,readable,non_zero,2569,2,2.2,2.2.1,2.2.1,public_story_asset,photo_evidence,public,needs_review,low,,manual_review,
/home/rae_admin/joomla-greenoffice/joomla_data/images/headers/blue-flower.jpg,images/headers/blue-flower.jpg,blue-flower.jpg,jpg,image/jpeg,37020,2026-01-23T00:15:26+07:00,784ca8df1acefa81f847938c71971e54b90c58856b42528f97b1fdb95b6a0974,readable,non_zero,2569,2,2.2,2.2.1,2.2.1,public_story_asset,photo_evidence,public,needs_review,low,,manual_review,
/home/rae_admin/joomla-greenoffice/joomla_data/images/headers/windows.jpg,images/headers/windows.jpg,windows.jpg,jpg,image/jpeg,34690,2026-01-23T00:15:26+07:00,c9f3d8de34dcf366e59816e08699048ff28885cdb9cb70d50c4cfe054fef1efb,readable,non_zero,2569,2,2.2,2.2.1,2.2.1,public_story_asset,photo_evidence,public,needs_review,low,,manual_review,
/home/rae_admin/joomla-greenoffice/joomla_data/images/headers/raindrops.jpg,images/headers/raindrops.jpg,raindrops.jpg,jpg,image/jpeg,23682,2026-01-23T00:15:26+07:00,d2cf4e01e274fcefea4bc35af479c187f142a53c7809d83e027292e066e0d412,readable,non_zero,2569,2,2.2,2.2.1,2.2.1,public_story_asset,photo_evidence,public,needs_review,low,,manual_review,
/home/rae_admin/joomla-greenoffice/joomla_data/images/img2/01-GreenhouseEffect-page-075.jpg,images/img2/01-GreenhouseEffect-page-075.jpg,01-GreenhouseEffect-page-075.jpg,jpg,image/jpeg,199751,2026-03-06T20:50:56+07:00,3b86bfec9ddffbfaa642ae4d742fc6d30550544432af66f012d40c857b13c052,readable,non_zero,2569,2,2.2,2.2.1,2.2.1,activity_image,photo_evidence,review,needs_review,low,,manual_review,
/home/rae_admin/joomla-greenoffice/joomla_data/images/img2/01-GreenhouseEffect-page-014.jpg,images/img2/01-GreenhouseEffect-page-014.jpg,01-GreenhouseEffect-page-014.jpg,jpg,image/jpeg,128099,2026-03-06T20:50:51+07:00,507d3efe6b68a7745124e3a19c5736b55cc45ec18120cbaf5f86eb8f08e512b0,readable,non_zero,2569,2,2.2,2.2.1,2.2.1,activity_image,photo_evidence,review,needs_review,low,,manual_review,
/home/rae_admin/joomla-greenoffice/joomla_data/images/img2/01-GreenhouseEffect-page-011.jpg,images/img2/01-GreenhouseEffect-page-011.jpg,01-GreenhouseEffect-page-011.jpg,jpg,image/jpeg,160077,2026-03-06T20:50:51+07:00,0143f108a6e7e06fefb13ff6e706c69be8565e78ae26b2a5d0d833e28fe0553d,readable,non_zero,2569,2,2.2,2.2.1,2.2.1,activity_image,photo_evidence,review,needs_review,low,,manual_review,
/home/rae_admin/joomla-greenoffice/joomla_data/images/img2/01-GreenhouseEffect-page-013.jpg,images/img2/01-GreenhouseEffect-page-013.jpg,01-GreenhouseEffect-page-013.jpg,jpg,image/jpeg,192236,2026-03-06T20:50:51+07:00,5a85e0d940ef71804a43fa8c566fdc4e682a2a36f583fc5b82f73da5ae4f6ea4,readable,non_zero,2569,2,2.2,2.2.1,2.2.1,activity_image,photo_evidence,review,needs_review,low,,manual_review,
/home/rae_admin/joomla-greenoffice/joomla_data/images/img2/01-GreenhouseEffect-page-066.jpg,images/img2/01-GreenhouseEffect-page-066.jpg,01-GreenhouseEffect-page-066.jpg,jpg,image/jpeg,267393,2026-03-06T20:50:57+07:00,64dc8f9493e1bad400c62c82374f1011b3bcb206efa646ee6ae589964dee0553,readable,non_zero,2569,2,2.2,2.2.1,2.2.1,activity_image,photo_evidence,review,needs_review,low,,manual_review,
/home/rae_admin/joomla-greenoffice/joomla_data/images/img2/01-GreenhouseEffect-page-053.jpg,images/img2/01-GreenhouseEffect-page-053.jpg,01-GreenhouseEffect-page-053.jpg,jpg,image/jpeg,262101,2026-03-06T20:50:54+07:00,2abdafc66228fac638a11d448a7dab65dd0ed1673f45a4c3de75f17ec4f22be8,readable,non_zero,2569,2,2.2,2.2.1,2.2.1,activity_image,photo_evidence,review,needs_review,low,,manual_review,
/home/rae_admin/joomla-greenoffice/joomla_data/images/img2/01-GreenhouseEffect-page-037.jpg,images/img2/01-GreenhouseEffect-page-037.jpg,01-GreenhouseEffect-page-037.jpg,jpg,image/jpeg,188193,2026-03-06T20:50:52+07:00,983e9f0f07faa20d13dc75476f602f60aca174348ec0bd53d4a1bdd109d0f4ec,readable,non_zero,2569,2,2.2,2.2.1,2.2.1,activity_image,photo_evidence,review,needs_review,low,,manual_review,
/home/rae_admin/joomla-greenoffice/joomla_data/images/img2/01-GreenhouseEffect-page-058.jpg,images/img2/01-GreenhouseEffect-page-058.jpg,01-GreenhouseEffect-page-058.jpg,jpg,image/jpeg,134835,2026-03-06T20:50:54+07:00,430e88a4fd9257e645b8c83b607650324a8a928c12d7a15cde28b26c0e27a6f8,readable,non_zero,2569,2,2.2,2.2.1,2.2.1,activity_image,photo_evidence,review,needs_review,low,,manual_review,
/home/rae_admin/joomla-greenoffice/joomla_data/images/img2/01-GreenhouseEffect-page-063.jpg,images/img2/01-GreenhouseEffect-page-063.jpg,01-GreenhouseEffect-page-063.jpg,jpg,image/jpeg,180769,2026-03-06T20:50:55+07:00,671d2827ba2b723fcf2b5f5845258e42f1f2f80a5df8d01fdfa9b2bc6c647437,readable,non_zero,2569,2,2.2,2.2.1,2.2.1,activity_image,photo_evidence,review,needs_review,low,,manual_review,
/home/rae_admin/joomla-greenoffice/joomla_data/images/img2/01-GreenhouseEffect-page-049.jpg,images/img2/01-GreenhouseEffect-page-049.jpg,01-GreenhouseEffect-page-049.jpg,jpg,image/jpeg,194824,2026-03-06T20:50:54+07:00,e848b8c2737e4f66a038234b6f10def90ecce9ec3d0737c23a750f7b8687b3f8,readable,non_zero,2569,2,2.2,2.2.1,2.2.1,activity_image,photo_evidence,review,needs_review,low,,manual_review,
/home/rae_admin/joomla-greenoffice/joomla_data/images/img2/01-GreenhouseEffect-page-005.jpg,images/img2/01-GreenhouseEffect-page-005.jpg,01-GreenhouseEffect-page-005.jpg,jpg,image/jpeg,295876,2026-03-06T20:50:56+07:00,a490a4d3effed2e1a5234519ab49c926273e1cde7a63e98e8d9ab56efd6921f4,readable,non_zero,2569,2,2.2,2.2.1,2.2.1,activity_image,photo_evidence,review,needs_review,low,,manual_review,
/home/rae_admin/joomla-greenoffice/joomla_data/images/img2/01-GreenhouseEffect-page-020.jpg,images/img2/01-GreenhouseEffect-page-020.jpg,01-GreenhouseEffect-page-020.jpg,jpg,image/jpeg,269128,2026-03-06T20:50:57+07:00,38601ab997d0ed22120227daa31a499c3e3ab6740324bee36ef7e62be5123afa,readable,non_zero,2569,2,2.2,2.2.1,2.2.1,activity_image,photo_evidence,review,needs_review,low,,manual_review,
/home/rae_admin/joomla-greenoffice/joomla_data/images/img2/01-GreenhouseEffect-page-017.jpg,images/img2/01-GreenhouseEffect-page-017.jpg,01-GreenhouseEffect-page-017.jpg,jpg,image/jpeg,252935,2026-03-06T20:50:51+07:00,693e353d9f647ce186d75b1d98aa4a7a1e030ac1b1ab5cd3bd9b010ca809e52a,readable,non_zero,2569,2,2.2,2.2.1,2.2.1,activity_image,photo_evidence,review,needs_review,low,,manual_review,
/home/rae_admin/joomla-greenoffice/joomla_data/images/img2/01-GreenhouseEffect-page-004.jpg,images/img2/01-GreenhouseEffect-page-004.jpg,01-GreenhouseEffect-page-004.jpg,jpg,image/jpeg,312669,2026-03-06T20:50:56+07:00,53f95da8c2dc89a831f2f6ff7521e772904f3a94410f5c6522f970c31a87e528,readable,non_zero,2569,2,2.2,2.2.1,2.2.1,activity_image,photo_evidence,review,needs_review,low,,manual_review,
/home/rae_admin/joomla-greenoffice/joomla_data/images/img2/01-GreenhouseEffect-page-041.jpg,images/img2/01-GreenhouseEffect-page-041.jpg,01-GreenhouseEffect-page-041.jpg,jpg,image/jpeg,157171,2026-03-06T20:50:53+07:00,24ea433905c2cb53ef63688e737a47f23d9a31e215fd5e9f9871e3dbac6354c4,readable,non_zero,2569,2,2.2,2.2.1,2.2.1,activity_image,photo_evidence,review,needs_review,low,,manual_review,
/home/rae_admin/joomla-greenoffice/joomla_data/images/img2/01-GreenhouseEffect-page-042.jpg,images/img2/01-GreenhouseEffect-page-042.jpg,01-GreenhouseEffect-page-042.jpg,jpg,image/jpeg,228411,2026-03-06T20:50:53+07:00,fd4119c5d4b3896bd335f1860f5e15b6c2d28f169223e2cbdc739bebba5854f8,readable,non_zero,2569,2,2.2,2.2.1,2.2.1,activity_image,photo_evidence,review,needs_review,low,,manual_review,
/home/rae_admin/joomla-greenoffice/joomla_data/images/img2/01-GreenhouseEffect-page-067.jpg,images/img2/01-GreenhouseEffect-page-067.jpg,01-GreenhouseEffect-page-067.jpg,jpg,image/jpeg,194740,2026-03-06T20:50:55+07:00,c1794b71585dcfcfa0502aabb746c0b2cc40942e894710cccff9bb6f6927b629,readable,non_zero,2569,2,2.2,2.2.1,2.2.1,activity_image,photo_evidence,review,needs_review,low,,manual_review,
/home/rae_admin/joomla-greenoffice/joomla_data/images/img2/01-GreenhouseEffect-page-068.jpg,images/img2/01-GreenhouseEffect-page-068.jpg,01-GreenhouseEffect-page-068.jpg,jpg,image/jpeg,246627,2026-03-06T20:50:55+07:00,2aaa9969de447df5c8aee7a7d9d47f1276b469942f46dcb6a1edf1bd00a8b3ae,readable,non_zero,2569,2,2.2,2.2.1,2.2.1,activity_image,photo_evidence,review,needs_review,low,,manual_review,
/home/rae_admin/joomla-greenoffice/joomla_data/images/img2/01-GreenhouseEffect-page-076.jpg,images/img2/01-GreenhouseEffect-page-076.jpg,01-GreenhouseEffect-page-076.jpg,jpg,image/jpeg,218898,2026-03-06T20:50:56+07:00,7e04ebaa89b20d91fd12156593b0fd7871ad94384dd5334ce2b52b7bdd23b6cd,readable,non_zero,2569,2,2.2,2.2.1,2.2.1,activity_image,photo_evidence,review,needs_review,low,,manual_review,
/home/rae_admin/joomla-greenoffice/joomla_data/images/img2/01-GreenhouseEffect-page-046.jpg,images/img2/01-GreenhouseEffect-page-046.jpg,01-GreenhouseEffect-page-046.jpg,jpg,image/jpeg,226200,2026-03-06T20:50:54+07:00,f92007df49b616974f99f771d944d13cec7c25b57978593d1b24a8fc2e8f9090,readable,non_zero,2569,2,2.2,2.2.1,2.2.1,activity_image,photo_evidence,review,needs_review,low,,manual_review,
/home/rae_admin/joomla-greenoffice/joomla_data/images/img2/01-GreenhouseEffect-page-021.jpg,images/img2/01-GreenhouseEffect-page-021.jpg,01-GreenhouseEffect-page-021.jpg,jpg,image/jpeg,270241,2026-03-06T20:50:57+07:00,f03618ac03e5a4d7e9101b77ab0897a42997486c6d06dc64c8758aa0cde07f7e,readable,non_zero,2569,2,2.2,2.2.1,2.2.1,activity_image,photo_evidence,review,needs_review,low,,manual_review,
/home/rae_admin/joomla-greenoffice/joomla_data/images/img2/01-GreenhouseEffect-page-022.jpg,images/img2/01-GreenhouseEffect-page-022.jpg,01-GreenhouseEffect-page-022.jpg,jpg,image/jpeg,98220,2026-03-06T20:50:51+07:00,e4bf7206002fde760f0fa6cf25f7750af1e45fb6a84101b5fba6440d6d6cad82,readable,non_zero,2569,2,2.2,2.2.1,2.2.1,activity_image,photo_evidence,review,needs_review,low,,manual_review,
/home/rae_admin/joomla-greenoffice/joomla_data/images/img2/01-GreenhouseEffect-page-006.jpg,images/img2/01-GreenhouseEffect-page-006.jpg,01-GreenhouseEffect-page-006.jpg,jpg,image/jpeg,163921,2026-03-06T20:50:50+07:00,5a1bb2308aba6fb1339bb2a15e5ffaabbe4f8d9df387b7056048a5f48c091518,readable,non_zero,2569,2,2.2,2.2.1,2.2.1,activity_image,photo_evidence,review,needs_review,low,,manual_review,
/home/rae_admin/joomla-greenoffice/joomla_data/images/img2/01-GreenhouseEffect-page-028.jpg,images/img2/01-GreenhouseEffect-page-028.jpg,01-GreenhouseEffect-page-028.jpg,jpg,image/jpeg,156413,2026-03-06T20:50:52+07:00,f01180dc13cb3e1e1554e664c907ef4f4b33e22c24f10453d34e295be8d24276,readable,non_zero,2569,2,2.2,2.2.1,2.2.1,activity_image,photo_evidence,review,needs_review,low,,manual_review,
/home/rae_admin/joomla-greenoffice/joomla_data/images/img2/01-GreenhouseEffect-page-029.jpg,images/img2/01-GreenhouseEffect-page-029.jpg,01-GreenhouseEffect-page-029.jpg,jpg,image/jpeg,240409,2026-03-06T20:50:52+07:00,98d65580e13296e1c00d3a2378307bb9ccf4328f6756cc5c86c72f9e59b9faa1,readable,non_zero,2569,2,2.2,2.2.1,2.2.1,activity_image,photo_evidence,review,needs_review,low,,manual_review,
/home/rae_admin/joomla-greenoffice/joomla_data/images/img2/01-GreenhouseEffect-page-033.jpg,images/img2/01-GreenhouseEffect-page-033.jpg,01-GreenhouseEffect-page-033.jpg,jpg,image/jpeg,266118,2026-03-06T20:50:57+07:00,15bb91fe76057e0e6f74de71cc50f53db9d33c63dfa99ee142046965e2b26cea,readable,non_zero,2569,2,2.2,2.2.1,2.2.1,activity_image,photo_evidence,review,needs_review,low,,manual_review,
/home/rae_admin/joomla-greenoffice/joomla_data/images/img2/01-GreenhouseEffect-page-064.jpg,images/img2/01-GreenhouseEffect-page-064.jpg,01-GreenhouseEffect-page-064.jpg,jpg,image/jpeg,145147,2026-03-06T20:50:54+07:00,0b3dabe8b3d84d2ea06c847c0c9f7d20bc5015cfac076efde719946a5ec00b53,readable,non_zero,2569,2,2.2,2.2.1,2.2.1,activity_image,photo_evidence,review,needs_review,low,,manual_review,
/home/rae_admin/joomla-greenoffice/joomla_data/images/img2/01-GreenhouseEffect-page-055.jpg,images/img2/01-GreenhouseEffect-page-055.jpg,01-GreenhouseEffect-page-055.jpg,jpg,image/jpeg,149390,2026-03-06T20:50:54+07:00,344ac4882651dd55155575660cea5797ae9c4ea805d931ea26ac3d764dcc4a6a,readable,non_zero,2569,2,2.2,2.2.1,2.2.1,activity_image,photo_evidence,review,needs_review,low,,manual_review,
/home/rae_admin/joomla-greenoffice/joomla_data/images/img2/01-GreenhouseEffect-page-070.jpg,images/img2/01-GreenhouseEffect-page-070.jpg,01-GreenhouseEffect-page-070.jpg,jpg,image/jpeg,259852,2026-03-06T20:50:55+07:00,b9ffd4aaf619f42bde3a582706e6599dd535aa0686c87a1d50e228f9dd9c2c44,readable,non_zero,2569,2,2.2,2.2.1,2.2.1,activity_image,photo_evidence,review,needs_review,low,,manual_review,
/home/rae_admin/joomla-greenoffice/joomla_data/images/img2/01-GreenhouseEffect-page-072.jpg,images/img2/01-GreenhouseEffect-page-072.jpg,01-GreenhouseEffect-page-072.jpg,jpg,image/jpeg,282759,2026-03-06T20:50:58+07:00,3c070dbec4687d9400677b9796a1bd37be3a9e6ecd078557e0c5fa513fe8b726,readable,non_zero,2569,2,2.2,2.2.1,2.2.1,activity_image,photo_evidence,review,needs_review,low,,manual_review,
/home/rae_admin/joomla-greenoffice/joomla_data/images/img2/01-GreenhouseEffect-page-026.jpg,images/img2/01-GreenhouseEffect-page-026.jpg,01-GreenhouseEffect-page-026.jpg,jpg,image/jpeg,257389,2026-03-06T20:50:52+07:00,7d3ffcd4638f126bca0256a691f2b9a14ba664a28b748e588c2ab7d9ffb46e1d,readable,non_zero,2569,2,2.2,2.2.1,2.2.1,activity_image,photo_evidence,review,needs_review,low,,manual_review,
/home/rae_admin/joomla-greenoffice/joomla_data/images/img2/01-GreenhouseEffect-page-056.jpg,images/img2/01-GreenhouseEffect-page-056.jpg,01-GreenhouseEffect-page-056.jpg,jpg,image/jpeg,127799,2026-03-06T20:50:54+07:00,9959e2743e84a3fbf870c9e4802f4150460161ff29f0a4a4513bb3961bd27131,readable,non_zero,2569,2,2.2,2.2.1,2.2.1,activity_image,photo_evidence,review,needs_review,low,,manual_review,
/home/rae_admin/joomla-greenoffice/joomla_data/images/img2/01-GreenhouseEffect-page-059.jpg,images/img2/01-GreenhouseEffect-page-059.jpg,01-GreenhouseEffect-page-059.jpg,jpg,image/jpeg,150269,2026-03-06T20:50:54+07:00,a290fa078efb0569155d14263115ef8a86645c68a4f8e01d04f2b5deb0508fc2,readable,non_zero,2569,2,2.2,2.2.1,2.2.1,activity_image,photo_evidence,review,needs_review,low,,manual_review,
/home/rae_admin/joomla-greenoffice/joomla_data/images/img2/01-GreenhouseEffect-page-039.jpg,images/img2/01-GreenhouseEffect-page-039.jpg,01-GreenhouseEffect-page-039.jpg,jpg,image/jpeg,255378,2026-03-06T20:50:53+07:00,645eb131a0211908879cc8b8b739a7e4f2acbe4f3ddb2b8e5c9b2d64649b9ae1,readable,non_zero,2569,2,2.2,2.2.1,2.2.1,activity_image,photo_evidence,review,needs_review,low,,manual_review,
/home/rae_admin/joomla-greenoffice/joomla_data/images/img2/01-GreenhouseEffect-page-032.jpg,images/img2/01-GreenhouseEffect-page-032.jpg,01-GreenhouseEffect-page-032.jpg,jpg,image/jpeg,173804,2026-03-06T20:50:52+07:00,d0664e321b74b47bd8b93bdafb077e50920d209d4340a8cdfdc7605fbeed1e6e,readable,non_zero,2569,2,2.2,2.2.1,2.2.1,activity_image,photo_evidence,review,needs_review,low,,manual_review,
/home/rae_admin/joomla-greenoffice/joomla_data/images/img2/01-GreenhouseEffect-page-031.jpg,images/img2/01-GreenhouseEffect-page-031.jpg,01-GreenhouseEffect-page-031.jpg,jpg,image/jpeg,172043,2026-03-06T20:50:52+07:00,1f916668a27485f6aeb777d5b2931a4d535f6b574dc9d4052d3791373f063d81,readable,non_zero,2569,2,2.2,2.2.1,2.2.1,activity_image,photo_evidence,review,needs_review,low,,manual_review,
/home/rae_admin/joomla-greenoffice/joomla_data/images/img2/01-GreenhouseEffect-page-043.jpg,images/img2/01-GreenhouseEffect-page-043.jpg,01-GreenhouseEffect-page-043.jpg,jpg,image/jpeg,305334,2026-03-06T20:50:57+07:00,d610807b6b13f22b63a925228c3316b0c6b21c9de1ebe10bd4a511399389c307,readable,non_zero,2569,2,2.2,2.2.1,2.2.1,activity_image,photo_evidence,review,needs_review,low,,manual_review,
/home/rae_admin/joomla-greenoffice/joomla_data/images/img2/01-GreenhouseEffect-page-002.jpg,images/img2/01-GreenhouseEffect-page-002.jpg,01-GreenhouseEffect-page-002.jpg,jpg,image/jpeg,158258,2026-03-06T20:50:50+07:00,c7d43022355701773236431cd7e249abb98dfa0ed2968ef433ff4d9a4fc6a75f,readable,non_zero,2569,2,2.2,2.2.1,2.2.1,activity_image,photo_evidence,review,needs_review,low,,manual_review,
/home/rae_admin/joomla-greenoffice/joomla_data/images/img2/01-GreenhouseEffect-page-008.jpg,images/img2/01-GreenhouseEffect-page-008.jpg,01-GreenhouseEffect-page-008.jpg,jpg,image/jpeg,211041,2026-03-06T20:50:51+07:00,4b774265055d4583137960e34b5388d57081f5097d93dfba9cc7a4b40fed2f64,readable,non_zero,2569,2,2.2,2.2.1,2.2.1,activity_image,photo_evidence,review,needs_review,low,,manual_review,
/home/rae_admin/joomla-greenoffice/joomla_data/images/img2/01-GreenhouseEffect-page-077.jpg,images/img2/01-GreenhouseEffect-page-077.jpg,01-GreenhouseEffect-page-077.jpg,jpg,image/jpeg,233098,2026-03-06T20:50:56+07:00,8b4d18f14edb3399c94da24663b28d70327e955535a7bad6791383548b694324,readable,non_zero,2569,2,2.2,2.2.1,2.2.1,activity_image,photo_evidence,review,needs_review,low,,manual_review,
/home/rae_admin/joomla-greenoffice/joomla_data/images/img2/01-GreenhouseEffect-page-012.jpg,images/img2/01-GreenhouseEffect-page-012.jpg,01-GreenhouseEffect-page-012.jpg,jpg,image/jpeg,159213,2026-03-06T20:50:51+07:00,fcbcd496cc4d07f2f82a87b12d4296ba1f11630654c1b732373baeefb692c3a3,readable,non_zero,2569,2,2.2,2.2.1,2.2.1,activity_image,photo_evidence,review,needs_review,low,,manual_review,
/home/rae_admin/joomla-greenoffice/joomla_data/images/img2/01-GreenhouseEffect-page-044.jpg,images/img2/01-GreenhouseEffect-page-044.jpg,01-GreenhouseEffect-page-044.jpg,jpg,image/jpeg,169956,2026-03-06T20:50:53+07:00,8e684dc45539faa61fd7a1f435fc6dabc71ca82a7ec2cac09230582e6ba68c83,readable,non_zero,2569,2,2.2,2.2.1,2.2.1,activity_image,photo_evidence,review,needs_review,low,,manual_review,
/home/rae_admin/joomla-greenoffice/joomla_data/images/img2/01-GreenhouseEffect-page-069.jpg,images/img2/01-GreenhouseEffect-page-069.jpg,01-GreenhouseEffect-page-069.jpg,jpg,image/jpeg,311108,2026-03-06T20:50:57+07:00,71ef21df6493fbfadc470ad844436dabe98a56c4fcf26e2f83823fde0498c85b,readable,non_zero,2569,2,2.2,2.2.1,2.2.1,activity_image,photo_evidence,review,needs_review,low,,manual_review,
/home/rae_admin/joomla-greenoffice/joomla_data/images/img2/01-GreenhouseEffect-page-027.jpg,images/img2/01-GreenhouseEffect-page-027.jpg,01-GreenhouseEffect-page-027.jpg,jpg,image/jpeg,196014,2026-03-06T20:50:52+07:00,5419063ffb3fcad11b42aca2b77f3136f1956eb268c8fd602290d75cf3a1352e,readable,non_zero,2569,2,2.2,2.2.1,2.2.1,activity_image,photo_evidence,review,needs_review,low,,manual_review,
/home/rae_admin/joomla-greenoffice/joomla_data/images/img2/01-GreenhouseEffect-page-016.jpg,images/img2/01-GreenhouseEffect-page-016.jpg,01-GreenhouseEffect-page-016.jpg,jpg,image/jpeg,212600,2026-03-06T20:50:51+07:00,bf5904863407a1286807e8a8fd6363a863840e61c70ca23edd1eff265ab697c3,readable,non_zero,2569,2,2.2,2.2.1,2.2.1,activity_image,photo_evidence,review,needs_review,low,,manual_review,
/home/rae_admin/joomla-greenoffice/joomla_data/images/img2/01-GreenhouseEffect-page-062.jpg,images/img2/01-GreenhouseEffect-page-062.jpg,01-GreenhouseEffect-page-062.jpg,jpg,image/jpeg,161144,2026-03-06T20:50:55+07:00,c8dfcd6c054a479c445ba1a0ae3c363c9139967849932d08cd46ec35bab8a20e,readable,non_zero,2569,2,2.2,2.2.1,2.2.1,activity_image,photo_evidence,review,needs_review,low,,manual_review,
/home/rae_admin/joomla-greenoffice/joomla_data/images/img2/01-GreenhouseEffect-page-050.jpg,images/img2/01-GreenhouseEffect-page-050.jpg,01-GreenhouseEffect-page-050.jpg,jpg,image/jpeg,201930,2026-03-06T20:50:54+07:00,c390b02ccd3248f3bd80fc5cae85920342dabdb7e756b22f811b8cd32ecaa3e3,readable,non_zero,2569,2,2.2,2.2.1,2.2.1,activity_image,photo_evidence,review,needs_review,low,,manual_review,
/home/rae_admin/joomla-greenoffice/joomla_data/images/img2/01-GreenhouseEffect-page-078.jpg,images/img2/01-GreenhouseEffect-page-078.jpg,01-GreenhouseEffect-page-078.jpg,jpg,image/jpeg,219461,2026-03-06T20:50:56+07:00,518718de8763a05bbadc54b96f0ee0d3592685d4ab424635a647772ecd7254eb,readable,non_zero,2569,2,2.2,2.2.1,2.2.1,activity_image,photo_evidence,review,needs_review,low,,manual_review,
/home/rae_admin/joomla-greenoffice/joomla_data/images/img2/01-GreenhouseEffect-page-007.jpg,images/img2/01-GreenhouseEffect-page-007.jpg,01-GreenhouseEffect-page-007.jpg,jpg,image/jpeg,315960,2026-03-06T20:50:57+07:00,65939b7201ad004b50efedb56de5698ebed35d79af462dabb2a5fa99108f395a,readable,non_zero,2569,2,2.2,2.2.1,2.2.1,activity_image,photo_evidence,review,needs_review,low,,manual_review,
/home/rae_admin/joomla-greenoffice/joomla_data/images/img2/01-GreenhouseEffect-page-047.jpg,images/img2/01-GreenhouseEffect-page-047.jpg,01-GreenhouseEffect-page-047.jpg,jpg,image/jpeg,245216,2026-03-06T20:50:54+07:00,ab2c75c515d1630dada102dfabd99c808145f43b55672135561ab83a667cc021,readable,non_zero,2569,2,2.2,2.2.1,2.2.1,activity_image,photo_evidence,review,needs_review,low,,manual_review,
/home/rae_admin/joomla-greenoffice/joomla_data/images/img2/01-GreenhouseEffect-page-073.jpg,images/img2/01-GreenhouseEffect-page-073.jpg,01-GreenhouseEffect-page-073.jpg,jpg,image/jpeg,234776,2026-03-06T20:50:55+07:00,83fe25c1a2680a6c9ac043903240f75ce49ed89eac53cb26f9c47e1c7370b27b,readable,non_zero,2569,2,2.2,2.2.1,2.2.1,activity_image,photo_evidence,review,needs_review,low,,manual_review,
/home/rae_admin/joomla-greenoffice/joomla_data/images/img2/01-GreenhouseEffect-page-009.jpg,images/img2/01-GreenhouseEffect-page-009.jpg,01-GreenhouseEffect-page-009.jpg,jpg,image/jpeg,172890,2026-03-06T20:50:51+07:00,4080cb77aa899f748492526477bd0a793b8a0be28dd92e5c3f06c2afe8f3efcd,readable,non_zero,2569,2,2.2,2.2.1,2.2.1,activity_image,photo_evidence,review,needs_review,low,,manual_review,
/home/rae_admin/joomla-greenoffice/joomla_data/images/img2/01-GreenhouseEffect-page-024.jpg,images/img2/01-GreenhouseEffect-page-024.jpg,01-GreenhouseEffect-page-024.jpg,jpg,image/jpeg,212342,2026-03-06T20:50:52+07:00,8ae882399e865ea1cecaae8757e2bb3c4b6d19ffd67b71701e605f6173a0a179,readable,non_zero,2569,2,2.2,2.2.1,2.2.1,activity_image,photo_evidence,review,needs_review,low,,manual_review,
/home/rae_admin/joomla-greenoffice/joomla_data/images/img2/01-GreenhouseEffect-page-015.jpg,images/img2/01-GreenhouseEffect-page-015.jpg,01-GreenhouseEffect-page-015.jpg,jpg,image/jpeg,354196,2026-03-06T20:50:57+07:00,6792214773ef45477e6b2961bb532536e30108ab360bd95431e4ab9947c08a7b,readable,non_zero,2569,2,2.2,2.2.1,2.2.1,activity_image,photo_evidence,review,needs_review,low,,manual_review,
/home/rae_admin/joomla-greenoffice/joomla_data/images/img2/01-GreenhouseEffect-page-060.jpg,images/img2/01-GreenhouseEffect-page-060.jpg,01-GreenhouseEffect-page-060.jpg,jpg,image/jpeg,202219,2026-03-06T20:50:54+07:00,e98ad7a3cb73ba1c3c31f2a1651a63f7bdaac3d7aeba723049828221446724d6,readable,non_zero,2569,2,2.2,2.2.1,2.2.1,activity_image,photo_evidence,review,needs_review,low,,manual_review,
/home/rae_admin/joomla-greenoffice/joomla_data/images/img2/01-GreenhouseEffect-page-019.jpg,images/img2/01-GreenhouseEffect-page-019.jpg,01-GreenhouseEffect-page-019.jpg,jpg,image/jpeg,196063,2026-03-06T20:50:51+07:00,34eb6a7b3bd480f5fd469e8de7f00d4a1eea4760b168c7360a6f0ad4732550ea,readable,non_zero,2569,2,2.2,2.2.1,2.2.1,activity_image,photo_evidence,review,needs_review,low,,manual_review,
/home/rae_admin/joomla-greenoffice/joomla_data/images/img2/01-GreenhouseEffect-page-018.jpg,images/img2/01-GreenhouseEffect-page-018.jpg,01-GreenhouseEffect-page-018.jpg,jpg,image/jpeg,182677,2026-03-06T20:50:51+07:00,a2bd15b58937424465f26766fc804276ba6bfca16a5a24fa13418d1f2854b4cc,readable,non_zero,2569,2,2.2,2.2.1,2.2.1,activity_image,photo_evidence,review,needs_review,low,,manual_review,
/home/rae_admin/joomla-greenoffice/joomla_data/images/img2/01-GreenhouseEffect-page-057.jpg,images/img2/01-GreenhouseEffect-page-057.jpg,01-GreenhouseEffect-page-057.jpg,jpg,image/jpeg,129440,2026-03-06T20:50:54+07:00,15facc35199bf8934ce68f28748252e318a8458a8f885ff22d2957721789420b,readable,non_zero,2569,2,2.2,2.2.1,2.2.1,activity_image,photo_evidence,review,needs_review,low,,manual_review,
/home/rae_admin/joomla-greenoffice/joomla_data/images/img2/01-GreenhouseEffect-page-065.jpg,images/img2/01-GreenhouseEffect-page-065.jpg,01-GreenhouseEffect-page-065.jpg,jpg,image/jpeg,215480,2026-03-06T20:50:55+07:00,1068d72162f9a5b1ef7033a566badd59b4eca97485b93c4b2324084b2672496b,readable,non_zero,2569,2,2.2,2.2.1,2.2.1,activity_image,photo_evidence,review,needs_review,low,,manual_review,
/home/rae_admin/joomla-greenoffice/joomla_data/images/img2/01-GreenhouseEffect-page-061.jpg,images/img2/01-GreenhouseEffect-page-061.jpg,01-GreenhouseEffect-page-061.jpg,jpg,image/jpeg,116518,2026-03-06T20:50:54+07:00,c6bba2deac81a52950043e35347b7ac0ce365d9a7933c3d6c44ce55ef76cb36d,readable,non_zero,2569,2,2.2,2.2.1,2.2.1,activity_image,photo_evidence,review,needs_review,low,,manual_review,
/home/rae_admin/joomla-greenoffice/joomla_data/images/img2/01-GreenhouseEffect-page-045.jpg,images/img2/01-GreenhouseEffect-page-045.jpg,01-GreenhouseEffect-page-045.jpg,jpg,image/jpeg,176605,2026-03-06T20:50:53+07:00,bafaa12958ff08705db471e3fcb8df0d114d4d0b333f9a88318c9de2b3468d3e,readable,non_zero,2569,2,2.2,2.2.1,2.2.1,activity_image,photo_evidence,review,needs_review,low,,manual_review,
/home/rae_admin/joomla-greenoffice/joomla_data/images/img2/01-GreenhouseEffect-page-074.jpg,images/img2/01-GreenhouseEffect-page-074.jpg,01-GreenhouseEffect-page-074.jpg,jpg,image/jpeg,255653,2026-03-06T20:50:56+07:00,d25a51f9464f714b18b95e562aa361f01911bbbf39fff0df8cc6d8b34def9f29,readable,non_zero,2569,2,2.2,2.2.1,2.2.1,activity_image,photo_evidence,review,needs_review,low,,manual_review,
/home/rae_admin/joomla-greenoffice/joomla_data/images/img2/01-GreenhouseEffect-page-051.jpg,images/img2/01-GreenhouseEffect-page-051.jpg,01-GreenhouseEffect-page-051.jpg,jpg,image/jpeg,208797,2026-03-06T20:50:54+07:00,2437256ade232c36f888faad338905c42d67108e9f1e05a70ebbf5f52eabac87,readable,non_zero,2569,2,2.2,2.2.1,2.2.1,activity_image,photo_evidence,review,needs_review,low,,manual_review,
/home/rae_admin/joomla-greenoffice/joomla_data/images/img2/01-GreenhouseEffect-page-080.jpg,images/img2/01-GreenhouseEffect-page-080.jpg,01-GreenhouseEffect-page-080.jpg,jpg,image/jpeg,123516,2026-03-06T20:50:57+07:00,49f5c4f661418c31c6ef70b590c170230c5272e83f49df4b001281669bb71c0d,readable,non_zero,2569,2,2.2,2.2.1,2.2.1,activity_image,photo_evidence,review,needs_review,low,,manual_review,
/home/rae_admin/joomla-greenoffice/joomla_data/images/img2/01-GreenhouseEffect-page-036.jpg,images/img2/01-GreenhouseEffect-page-036.jpg,01-GreenhouseEffect-page-036.jpg,jpg,image/jpeg,177441,2026-03-06T20:50:53+07:00,3d8387e349b434c2f06ea0760cefda9eb6315a4c980899849035247cd2c99098,readable,non_zero,2569,2,2.2,2.2.1,2.2.1,activity_image,photo_evidence,review,needs_review,low,,manual_review,
/home/rae_admin/joomla-greenoffice/joomla_data/images/img2/01-GreenhouseEffect-page-052.jpg,images/img2/01-GreenhouseEffect-page-052.jpg,01-GreenhouseEffect-page-052.jpg,jpg,image/jpeg,162747,2026-03-06T20:50:54+07:00,c094d2c7fba17ffd468dffff555688786acd525bc08bf01d460c6ccb083e14c8,readable,non_zero,2569,2,2.2,2.2.1,2.2.1,activity_image,photo_evidence,review,needs_review,low,,manual_review,
/home/rae_admin/joomla-greenoffice/joomla_data/images/img2/01-GreenhouseEffect-page-010.jpg,images/img2/01-GreenhouseEffect-page-010.jpg,01-GreenhouseEffect-page-010.jpg,jpg,image/jpeg,117970,2026-03-06T20:50:51+07:00,2a3b8877d74d708a6cc33637f9efc67d7b0d4e23c08f4d4a1f77821fd0d19b04,readable,non_zero,2569,2,2.2,2.2.1,2.2.1,activity_image,photo_evidence,review,needs_review,low,,manual_review,
/home/rae_admin/joomla-greenoffice/joomla_data/images/img2/01-GreenhouseEffect-page-023.jpg,images/img2/01-GreenhouseEffect-page-023.jpg,01-GreenhouseEffect-page-023.jpg,jpg,image/jpeg,142034,2026-03-06T20:50:52+07:00,33695042832ba674a71855a02e20e8549cb2a1a45129455935109249a601860a,readable,non_zero,2569,2,2.2,2.2.1,2.2.1,activity_image,photo_evidence,review,needs_review,low,,manual_review,
/home/rae_admin/joomla-greenoffice/joomla_data/images/img2/01-GreenhouseEffect-page-054.jpg,images/img2/01-GreenhouseEffect-page-054.jpg,01-GreenhouseEffect-page-054.jpg,jpg,image/jpeg,166970,2026-03-06T20:50:54+07:00,b230e9d90b8ffdcafe510e16a21540064c66c709cc80d8a6dc960aa7d908578e,readable,non_zero,2569,2,2.2,2.2.1,2.2.1,activity_image,photo_evidence,review,needs_review,low,,manual_review,
/home/rae_admin/joomla-greenoffice/joomla_data/images/img2/01-GreenhouseEffect-page-030.jpg,images/img2/01-GreenhouseEffect-page-030.jpg,01-GreenhouseEffect-page-030.jpg,jpg,image/jpeg,158911,2026-03-06T20:50:52+07:00,570923144bd02f7da676f1b3006e3420d41ad4f387d6e02a8925642b0617fa0f,readable,non_zero,2569,2,2.2,2.2.1,2.2.1,activity_image,photo_evidence,review,needs_review,low,,manual_review,
/home/rae_admin/joomla-greenoffice/joomla_data/images/img2/01-GreenhouseEffect-page-071.jpg,images/img2/01-GreenhouseEffect-page-071.jpg,01-GreenhouseEffect-page-071.jpg,jpg,image/jpeg,228376,2026-03-06T20:50:55+07:00,70fdb70b1fd1b43234b435077072a4b06fc7324ca33570b1dbd00ff8573aff42,readable,non_zero,2569,2,2.2,2.2.1,2.2.1,activity_image,photo_evidence,review,needs_review,low,,manual_review,
/home/rae_admin/joomla-greenoffice/joomla_data/images/img2/01-GreenhouseEffect-page-038.jpg,images/img2/01-GreenhouseEffect-page-038.jpg,01-GreenhouseEffect-page-038.jpg,jpg,image/jpeg,276629,2026-03-06T20:50:57+07:00,d8f77318ca5e5c8dc57d6e09222a2411fdf56aa2d28a431b3f8189d0db855f0c,readable,non_zero,2569,2,2.2,2.2.1,2.2.1,activity_image,photo_evidence,review,needs_review,low,,manual_review,
/home/rae_admin/joomla-greenoffice/joomla_data/images/img2/01-GreenhouseEffect-page-003.jpg,images/img2/01-GreenhouseEffect-page-003.jpg,01-GreenhouseEffect-page-003.jpg,jpg,image/jpeg,280196,2026-03-06T20:50:56+07:00,7e403bf00abdba5fc362a35b5d947bd4ad9a56f819c5fc01f30c76a2a04acfd7,readable,non_zero,2569,2,2.2,2.2.1,2.2.1,activity_image,photo_evidence,review,needs_review,low,,manual_review,
/home/rae_admin/joomla-greenoffice/joomla_data/images/img2/01-GreenhouseEffect-page-079.jpg,images/img2/01-GreenhouseEffect-page-079.jpg,01-GreenhouseEffect-page-079.jpg,jpg,image/jpeg,243396,2026-03-06T20:50:56+07:00,830e9b96130c2f2d09009076f9c8320d5078cf7ff2b5e70520331020f9f56b8b,readable,non_zero,2569,2,2.2,2.2.1,2.2.1,activity_image,photo_evidence,review,needs_review,low,,manual_review,
/home/rae_admin/joomla-greenoffice/joomla_data/images/img2/01-GreenhouseEffect-page-048.jpg,images/img2/01-GreenhouseEffect-page-048.jpg,01-GreenhouseEffect-page-048.jpg,jpg,image/jpeg,204457,2026-03-06T20:50:54+07:00,33fe029d6db314a7f61c090b3051922ead8a86291a7231f13aadaf86687434ba,readable,non_zero,2569,2,2.2,2.2.1,2.2.1,activity_image,photo_evidence,review,needs_review,low,,manual_review,
/home/rae_admin/joomla-greenoffice/joomla_data/images/img2/01-GreenhouseEffect-page-034.jpg,images/img2/01-GreenhouseEffect-page-034.jpg,01-GreenhouseEffect-page-034.jpg,jpg,image/jpeg,179739,2026-03-06T20:50:52+07:00,f02a034f662f4c54c0322093e99c80aecf61a5c6d7a48875c07662485af7ecc1,readable,non_zero,2569,2,2.2,2.2.1,2.2.1,activity_image,photo_evidence,review,needs_review,low,,manual_review,
/home/rae_admin/joomla-greenoffice/joomla_data/images/img2/01-GreenhouseEffect-page-035.jpg,images/img2/01-GreenhouseEffect-page-035.jpg,01-GreenhouseEffect-page-035.jpg,jpg,image/jpeg,220065,2026-03-06T20:50:53+07:00,9d922138fc885d4efcc502b6e66353267699c0e30252d80ea15d4313044e0ef2,readable,non_zero,2569,2,2.2,2.2.1,2.2.1,activity_image,photo_evidence,review,needs_review,low,,manual_review,
/home/rae_admin/joomla-greenoffice/joomla_data/images/img2/01-GreenhouseEffect-page-040.jpg,images/img2/01-GreenhouseEffect-page-040.jpg,01-GreenhouseEffect-page-040.jpg,jpg,image/jpeg,234747,2026-03-06T20:50:53+07:00,201fcb7617f4b01fecc4fa22c1b68a617d1c504b4014d19a1c626b4769076d35,readable,non_zero,2569,2,2.2,2.2.1,2.2.1,activity_image,photo_evidence,review,needs_review,low,,manual_review,
/home/rae_admin/joomla-greenoffice/joomla_data/images/img2/01-GreenhouseEffect-page-025.jpg,images/img2/01-GreenhouseEffect-page-025.jpg,01-GreenhouseEffect-page-025.jpg,jpg,image/jpeg,218583,2026-03-06T20:50:52+07:00,0704018cd7e743f8064b4f71829a9bfe11747289f27e13cd89a956a55e2b73b0,readable,non_zero,2569,2,2.2,2.2.1,2.2.1,activity_image,photo_evidence,review,needs_review,low,,manual_review,
/home/rae_admin/joomla-greenoffice/joomla_data/images/2021/08/18/icon-team.svg,images/2021/08/18/icon-team.svg,icon-team.svg,svg,image/svg+xml,830,2026-01-23T00:15:26+07:00,ee6c8dbcde74e754fb154f365baefd61b1b73c492f3f68bc51dbd0c6923f66d8,readable,non_zero,2564,2,2.2,2.2.1,2.2.1,activity_image,photo_evidence,review,needs_review,low,,manual_review,
/home/rae_admin/joomla-greenoffice/joomla_data/images/2021/08/18/client1.png,images/2021/08/18/client1.png,client1.png,png,image/png,1134,2026-01-23T00:15:26+07:00,142a8de5f21783e789524a44362d4a0362240918e6c5c767e232fd8f4d798a66,readable,non_zero,2564,2,2.2,2.2.1,2.2.1,activity_image,photo_evidence,review,needs_review,low,,manual_review,
/home/rae_admin/joomla-greenoffice/joomla_data/images/2021/08/18/icon-purpose.svg,images/2021/08/18/icon-purpose.svg,icon-purpose.svg,svg,image/svg+xml,689,2026-01-23T00:15:26+07:00,887870f632731ee3c9792690984939b2a30d7dd34e3149091c365550cb8900f2,readable,non_zero,2564,2,2.2,2.2.1,2.2.1,activity_image,photo_evidence,review,needs_review,low,,manual_review,
/home/rae_admin/joomla-greenoffice/joomla_data/images/2021/08/18/icon-supreme-style3.svg,images/2021/08/18/icon-supreme-style3.svg,icon-supreme-style3.svg,svg,image/svg+xml,1076,2026-01-23T00:15:26+07:00,bf8df61064d6054750de787b07c56429615f6ac08920bb22bc0bc9f81af21995,readable,non_zero,2564,2,2.2,2.2.1,2.2.1,activity_image,photo_evidence,review,needs_review,low,,manual_review,
/home/rae_admin/joomla-greenoffice/joomla_data/images/2021/08/18/client3.png,images/2021/08/18/client3.png,client3.png,png,image/png,1607,2026-01-23T00:15:26+07:00,e7ec761f0a18190b267bccb1e406f0ae41d11c64f29bcb11221753fb2e2d7134,readable,non_zero,2564,2,2.2,2.2.1,2.2.1,activity_image,photo_evidence,review,needs_review,low,,manual_review,
/home/rae_admin/joomla-greenoffice/joomla_data/images/2021/08/18/hero-bg.jpg,images/2021/08/18/hero-bg.jpg,hero-bg.jpg,jpg,image/jpeg,1033540,2026-01-23T00:15:26+07:00,882b8ec64fbf34c8ef0b698b72e305e53e931a923564b02f9fc49a67e043a520,readable,non_zero,2564,2,2.2,2.2.1,2.2.1,activity_image,photo_evidence,review,needs_review,low,,manual_review,
/home/rae_admin/joomla-greenoffice/joomla_data/images/2021/08/18/bg-pattern.jpg,images/2021/08/18/bg-pattern.jpg,bg-pattern.jpg,jpg,image/jpeg,291649,2026-01-23T00:15:26+07:00,7dab6dbffc46868eabcca5b00c20684d44d539e49e11345e7c2f6a84cfab08d3,readable,non_zero,2564,2,2.2,2.2.1,2.2.1,activity_image,photo_evidence,review,needs_review,low,,manual_review,
/home/rae_admin/joomla-greenoffice/joomla_data/images/2021/08/18/icon-creativity3.svg,images/2021/08/18/icon-creativity3.svg,icon-creativity3.svg,svg,image/svg+xml,818,2026-01-23T00:15:26+07:00,ae8b1565d8e2ff9fd1fb0c4a8eb1603d4ba161a676308f3831763626615de5ed,readable,non_zero,2564,2,2.2,2.2.1,2.2.1,activity_image,photo_evidence,review,needs_review,low,,manual_review,
/home/rae_admin/joomla-greenoffice/joomla_data/images/2021/08/18/icon-supreme-style1.svg,images/2021/08/18/icon-supreme-style1.svg,icon-supreme-style1.svg,svg,image/svg+xml,689,2026-01-23T00:15:26+07:00,4c8a9e26dfd7288ced40ee4e19e99a53fcac2b74cc2493fbed55d63a70dbe016,readable,non_zero,2564,2,2.2,2.2.1,2.2.1,activity_image,photo_evidence,review,needs_review,low,,manual_review,
/home/rae_admin/joomla-greenoffice/joomla_data/images/2021/08/18/icon-creativity2.svg,images/2021/08/18/icon-creativity2.svg,icon-creativity2.svg,svg,image/svg+xml,1055,2026-01-23T00:15:26+07:00,cb09ee738d5e20b2993a0ea9570a862384eea71715d78e9a40d2b832d65b709b,readable,non_zero,2564,2,2.2,2.2.1,2.2.1,activity_image,photo_evidence,review,needs_review,low,,manual_review,
/home/rae_admin/joomla-greenoffice/joomla_data/images/2021/08/18/bg-pattern2.jpg,images/2021/08/18/bg-pattern2.jpg,bg-pattern2.jpg,jpg,image/jpeg,53613,2026-01-23T00:15:26+07:00,56583089995b56682a70d9cceac89677175ea23c1529f4633af10c6270fd55bf,readable,non_zero,2564,2,2.2,2.2.1,2.2.1,activity_image,photo_evidence,review,needs_review,low,,manual_review,
/home/rae_admin/joomla-greenoffice/joomla_data/images/2021/08/18/hero-img.png,images/2021/08/18/hero-img.png,hero-img.png,png,image/png,705428,2026-01-23T00:15:26+07:00,c8e0458c55b9fd80dbae7fdaf381d607f556caadede721ce950ab95891652a49,readable,non_zero,2564,2,2.2,2.2.1,2.2.1,activity_image,photo_evidence,review,needs_review,low,,manual_review,
/home/rae_admin/joomla-greenoffice/joomla_data/images/2021/08/18/icon-supreme-style4.svg,images/2021/08/18/icon-supreme-style4.svg,icon-supreme-style4.svg,svg,image/svg+xml,1048,2026-01-23T00:15:26+07:00,bbbb1129cbc04769fa6876672048a74f7f029a0537f9f8916aafb66a4cb8fffb,readable,non_zero,2564,2,2.2,2.2.1,2.2.1,activity_image,photo_evidence,review,needs_review,low,,manual_review,
/home/rae_admin/joomla-greenoffice/joomla_data/images/2021/08/18/simple-img1.png,images/2021/08/18/simple-img1.png,simple-img1.png,png,image/png,86542,2026-01-23T00:15:26+07:00,15f270a0634c9e2f2a9aac8887930749b8ec54f35402d05bc616aea5b69a5060,readable,non_zero,2564,2,2.2,2.2.1,2.2.1,activity_image,photo_evidence,review,needs_review,low,,manual_review,
/home/rae_admin/joomla-greenoffice/joomla_data/images/2021/08/18/icon-passion.svg,images/2021/08/18/icon-passion.svg,icon-passion.svg,svg,image/svg+xml,659,2026-01-23T00:15:26+07:00,fe2ddeed50e19bbbbc320d33114370b843abacecb072f91b197eb10d181b3495,readable,non_zero,2564,2,2.2,2.2.1,2.2.1,activity_image,photo_evidence,review,needs_review,low,,manual_review,
/home/rae_admin/joomla-greenoffice/joomla_data/images/2021/08/18/icon-creativity1.svg,images/2021/08/18/icon-creativity1.svg,icon-creativity1.svg,svg,image/svg+xml,1011,2026-01-23T00:15:26+07:00,40b3ef852cfb5ecf4c000274494bcd61170303fbfa2726a8d1fe7d71a8a15450,readable,non_zero,2564,2,2.2,2.2.1,2.2.1,activity_image,photo_evidence,review,needs_review,low,,manual_review,
/home/rae_admin/joomla-greenoffice/joomla_data/images/2021/08/18/icon-supreme-style2.svg,images/2021/08/18/icon-supreme-style2.svg,icon-supreme-style2.svg,svg,image/svg+xml,706,2026-01-23T00:15:26+07:00,80ce9ab1354330e37e2f7bde34aeb96b8380fa12cd387a226962dde3bcbc2956,readable,non_zero,2564,2,2.2,2.2.1,2.2.1,activity_image,photo_evidence,review,needs_review,low,,manual_review,
/home/rae_admin/joomla-greenoffice/joomla_data/images/2021/08/18/client2.png,images/2021/08/18/client2.png,client2.png,png,image/png,3081,2026-01-23T00:15:26+07:00,55a3c02c211aa190a83980974641f2925b6cf07b71d081f0ff43c877064f7866,readable,non_zero,2564,2,2.2,2.2.1,2.2.1,activity_image,photo_evidence,review,needs_review,low,,manual_review,
/home/rae_admin/joomla-greenoffice/joomla_data/images/2021/08/18/client4.png,images/2021/08/18/client4.png,client4.png,png,image/png,2369,2026-01-23T00:15:26+07:00,8bc3c5f97ac0dd18130d7ef1b24b8f1bd9561dbe05b068f414ea0e0464ee58c6,readable,non_zero,2564,2,2.2,2.2.1,2.2.1,activity_image,photo_evidence,review,needs_review,low,,manual_review,
/home/rae_admin/joomla-greenoffice/joomla_data/images/2021/08/18/_spmedia_thumbs/hero-bg.jpg,images/2021/08/18/_spmedia_thumbs/hero-bg.jpg,hero-bg.jpg,jpg,image/jpeg,9361,2026-01-23T00:15:26+07:00,050a54dd4ad406db4c57686986c4832d082c3352b40eb4b1f658454868d7bfca,readable,non_zero,2564,2,2.2,2.2.1,2.2.1,activity_image,photo_evidence,review,needs_review,low,,manual_review,
/home/rae_admin/joomla-greenoffice/joomla_data/images/2021/08/18/_spmedia_thumbs/bg-pattern.jpg,images/2021/08/18/_spmedia_thumbs/bg-pattern.jpg,bg-pattern.jpg,jpg,image/jpeg,11971,2026-01-23T00:15:26+07:00,80f93985ad51c12536a1fdfde362f6e8f466f82dcb7120de7259e0903055ab4c,readable,non_zero,2564,2,2.2,2.2.1,2.2.1,activity_image,photo_evidence,review,needs_review,low,,manual_review,
/home/rae_admin/joomla-greenoffice/joomla_data/images/2021/08/18/_spmedia_thumbs/bg-pattern2.jpg,images/2021/08/18/_spmedia_thumbs/bg-pattern2.jpg,bg-pattern2.jpg,jpg,image/jpeg,14848,2026-01-23T00:15:26+07:00,18fe2b2cb47f18573528bb97e301981c7d5e0c7da2ae0da384790a8fecd95890,readable,non_zero,2564,2,2.2,2.2.1,2.2.1,activity_image,photo_evidence,review,needs_review,low,,manual_review,
/home/rae_admin/joomla-greenoffice/joomla_data/images/2021/08/18/_spmedia_thumbs/hero-img.png,images/2021/08/18/_spmedia_thumbs/hero-img.png,hero-img.png,png,image/png,103416,2026-01-23T00:15:26+07:00,d3b505418ab26f5ad8de57214f59b3513e9f8265cf12bbe977a18ad0db009c24,readable,non_zero,2564,2,2.2,2.2.1,2.2.1,activity_image,photo_evidence,review,needs_review,low,,manual_review,
/home/rae_admin/joomla-greenoffice/joomla_data/images/2021/08/18/_spmedia_thumbs/simple-img1.png,images/2021/08/18/_spmedia_thumbs/simple-img1.png,simple-img1.png,png,image/png,70550,2026-01-23T00:15:26+07:00,a397c60f00902a51e0dbd3cbe3911abedd66418ff0d47ad1434a92c231ae6d5f,readable,non_zero,2564,2,2.2,2.2.1,2.2.1,activity_image,photo_evidence,review,needs_review,low,,manual_review,
/home/rae_admin/joomla-greenoffice/joomla_data/images/2021/08/27/blog5.jpg,images/2021/08/27/blog5.jpg,blog5.jpg,jpg,image/jpeg,45799,2026-01-23T00:15:26+07:00,516c44501406b63413dd89fba528f9c344fee5cf9798686edd71e4b68e41bcae,readable,non_zero,2564,2,2.2,2.2.1,2.2.1,activity_image,photo_evidence,review,needs_review,low,,manual_review,
/home/rae_admin/joomla-greenoffice/joomla_data/images/2021/08/27/blog1.jpg,images/2021/08/27/blog1.jpg,blog1.jpg,jpg,image/jpeg,17966,2026-01-23T00:15:26+07:00,176cfcef99e243b71733eb9c5186c3f19ac2063a08a78ecd57906cdab1cb212e,readable,non_zero,2564,2,2.2,2.2.1,2.2.1,activity_image,photo_evidence,review,needs_review,low,,manual_review,
/home/rae_admin/joomla-greenoffice/joomla_data/images/2021/08/27/blog2.jpg,images/2021/08/27/blog2.jpg,blog2.jpg,jpg,image/jpeg,15307,2026-01-23T00:15:26+07:00,9d61fb6b94662eeb9ac52199cfcdf96f523fb3cee90145ec130aaea4ac423c12,readable,non_zero,2564,2,2.2,2.2.1,2.2.1,activity_image,photo_evidence,review,needs_review,low,,manual_review,
/home/rae_admin/joomla-greenoffice/joomla_data/images/2021/08/27/blog7.jpg,images/2021/08/27/blog7.jpg,blog7.jpg,jpg,image/jpeg,77282,2026-01-23T00:15:26+07:00,b4333d16b770a02e82f65b57cceb8915203cb9ab18137e7050ebad1ef52c86ef,readable,non_zero,2564,2,2.2,2.2.1,2.2.1,activity_image,photo_evidence,review,needs_review,low,,manual_review,
/home/rae_admin/joomla-greenoffice/joomla_data/images/2021/08/27/blog3.jpg,images/2021/08/27/blog3.jpg,blog3.jpg,jpg,image/jpeg,76841,2026-01-23T00:15:26+07:00,a93dd8f5f301c761691cd5378d64d440354cba6f2455acf35f4b5de2771bdf34,readable,non_zero,2564,2,2.2,2.2.1,2.2.1,activity_image,photo_evidence,review,needs_review,low,,manual_review,
/home/rae_admin/joomla-greenoffice/joomla_data/images/2021/08/27/blog13.jpg,images/2021/08/27/blog13.jpg,blog13.jpg,jpg,image/jpeg,69195,2026-01-23T00:15:26+07:00,b1ea568f1e55751e8e6995c8edfceaa48b1fce21a31e3e10313d7e346beb633a,readable,non_zero,2564,2,2.2,2.2.1,2.2.1,activity_image,photo_evidence,review,needs_review,low,,manual_review,
/home/rae_admin/joomla-greenoffice/joomla_data/images/2021/08/27/blog9.jpg,images/2021/08/27/blog9.jpg,blog9.jpg,jpg,image/jpeg,62005,2026-01-23T00:15:26+07:00,359bb74a75f52f246c0d127588dfd14c9eeade14c96ea85265eb0467d9da964b,readable,non_zero,2564,2,2.2,2.2.1,2.2.1,activity_image,photo_evidence,review,needs_review,low,,manual_review,
/home/rae_admin/joomla-greenoffice/joomla_data/images/2021/08/27/blog6.jpg,images/2021/08/27/blog6.jpg,blog6.jpg,jpg,image/jpeg,21143,2026-01-23T00:15:26+07:00,0e0f84b7b78c298e009ce52a0423dc6cc5cdef956629eba0268929c0ce5a4155,readable,non_zero,2564,2,2.2,2.2.1,2.2.1,activity_image,photo_evidence,review,needs_review,low,,manual_review,
/home/rae_admin/joomla-greenoffice/joomla_data/images/2021/08/27/blog4.jpg,images/2021/08/27/blog4.jpg,blog4.jpg,jpg,image/jpeg,60706,2026-01-23T00:15:26+07:00,6552c84cb956e0b6688306eaacb224bc333a1c76af4b0c8c445d6eabb5e3ac82,readable,non_zero,2564,2,2.2,2.2.1,2.2.1,activity_image,photo_evidence,review,needs_review,low,,manual_review,
/home/rae_admin/joomla-greenoffice/joomla_data/images/2021/03/03/travel_gallery2.jpg,images/2021/03/03/travel_gallery2.jpg,travel_gallery2.jpg,jpg,image/jpeg,16420,2026-01-23T00:15:26+07:00,f02754e6e094b503dbebfef5aab51239fbb7965f86b35abd9cf9ddadf31504c0,readable,non_zero,2564,2,2.2,2.2.1,2.2.1,activity_image,photo_evidence,review,needs_review,low,,manual_review,
/home/rae_admin/joomla-greenoffice/joomla_data/images/2021/03/03/gallery7.jpg,images/2021/03/03/gallery7.jpg,gallery7.jpg,jpg,image/jpeg,35447,2026-01-23T00:15:26+07:00,fe8384226cc13d8a777c3e7b8d1206bdff775dba8300913ad3e50c26961249c1,readable,non_zero,2564,2,2.2,2.2.1,2.2.1,activity_image,photo_evidence,review,needs_review,low,,manual_review,
/home/rae_admin/joomla-greenoffice/joomla_data/images/2021/03/03/feature1.png,images/2021/03/03/feature1.png,feature1.png,png,image/png,1036,2026-01-23T00:15:26+07:00,ee8081d862f68d8a32141b8dbe6f649892fd68241d91815fc9704b3748bf5e9a,readable,non_zero,2564,2,2.2,2.2.1,2.2.1,activity_image,photo_evidence,review,needs_review,low,,manual_review,
/home/rae_admin/joomla-greenoffice/joomla_data/images/2021/03/03/gallery3.jpg,images/2021/03/03/gallery3.jpg,gallery3.jpg,jpg,image/jpeg,15935,2026-01-23T00:15:26+07:00,2b24ac3ee5dfdc3ff787d119e5b3888eb99d458a135b1749d3d9bfe9ab635122,readable,non_zero,2564,2,2.2,2.2.1,2.2.1,activity_image,photo_evidence,review,needs_review,low,,manual_review,
/home/rae_admin/joomla-greenoffice/joomla_data/images/2021/03/03/gallery8.jpg,images/2021/03/03/gallery8.jpg,gallery8.jpg,jpg,image/jpeg,56045,2026-01-23T00:15:26+07:00,a5db98c03b6a6f764c6092f7ce8b23775679dc25a6fa514ce538eee8fb1837b0,readable,non_zero,2564,2,2.2,2.2.1,2.2.1,activity_image,photo_evidence,review,needs_review,low,,manual_review,
/home/rae_admin/joomla-greenoffice/joomla_data/images/2021/03/03/fish-ice.png,images/2021/03/03/fish-ice.png,fish-ice.png,png,image/png,155113,2026-01-23T00:15:26+07:00,deb03c28bda1c8cdfa3994a5c04e395b7526d504bdef1192fc17f5624d3b24ee,readable,non_zero,2564,2,2.2,2.2.1,2.2.1,activity_image,photo_evidence,review,needs_review,low,,manual_review,
/home/rae_admin/joomla-greenoffice/joomla_data/images/2021/03/03/gallery1.jpg,images/2021/03/03/gallery1.jpg,gallery1.jpg,jpg,image/jpeg,45464,2026-01-23T00:15:26+07:00,2d4cbb5b6221d8098d0f8d5a5c3da9b3531f93c5ac3a481abf254b410cb062e0,readable,non_zero,2564,2,2.2,2.2.1,2.2.1,activity_image,photo_evidence,review,needs_review,low,,manual_review,
/home/rae_admin/joomla-greenoffice/joomla_data/images/2021/03/03/travel_gallery1.jpg,images/2021/03/03/travel_gallery1.jpg,travel_gallery1.jpg,jpg,image/jpeg,6913,2026-01-23T00:15:26+07:00,2bcf40a17cbd5c014438e0a3c94fb8f92f1edc891e58b684b3dba386b8fc5312,readable,non_zero,2564,2,2.2,2.2.1,2.2.1,activity_image,photo_evidence,review,needs_review,low,,manual_review,
/home/rae_admin/joomla-greenoffice/joomla_data/images/2021/03/03/feature4.png,images/2021/03/03/feature4.png,feature4.png,png,image/png,1202,2026-01-23T00:15:26+07:00,a30b68d57915c7de8161c1bff72f0b45b7d49c4202a6f0c4ef1e60827319001d,readable,non_zero,2564,2,2.2,2.2.1,2.2.1,activity_image,photo_evidence,review,needs_review,low,,manual_review,
/home/rae_admin/joomla-greenoffice/joomla_data/images/2021/03/03/serial1.png,images/2021/03/03/serial1.png,serial1.png,png,image/png,435,2026-01-23T00:15:26+07:00,ca760939c0f3473deccf3f9ddb74d9a4902fec02936d2ea7d19d7dc158886b40,readable,non_zero,2564,2,2.2,2.2.1,2.2.1,activity_image,photo_evidence,review,needs_review,low,,manual_review,
/home/rae_admin/joomla-greenoffice/joomla_data/images/2021/03/03/gallery5.jpg,images/2021/03/03/gallery5.jpg,gallery5.jpg,jpg,image/jpeg,27816,2026-01-23T00:15:26+07:00,710b3726fc0d17217d7bff8f48d277684cbd9513005ee3315e65b92e07d1930a,readable,non_zero,2564,2,2.2,2.2.1,2.2.1,activity_image,photo_evidence,review,needs_review,low,,manual_review,
/home/rae_admin/joomla-greenoffice/joomla_data/images/2021/03/03/fish-bg.jpg,images/2021/03/03/fish-bg.jpg,fish-bg.jpg,jpg,image/jpeg,161734,2026-01-23T00:15:26+07:00,488cd2b2dbdedc107516266ab7ef8d67e8e6ac4494af2c4fd69f9c094b9fb911,readable,non_zero,2564,2,2.2,2.2.1,2.2.1,activity_image,photo_evidence,review,needs_review,low,,manual_review,
/home/rae_admin/joomla-greenoffice/joomla_data/images/2021/03/03/travel-bg.jpg,images/2021/03/03/travel-bg.jpg,travel-bg.jpg,jpg,image/jpeg,76859,2026-01-23T00:15:26+07:00,fd07e56a0ef26cb27c8c8406b21c3ad853650eba57508c842e0dcf79cecb6f6f,readable,non_zero,2564,2,2.2,2.2.1,2.2.1,activity_image,photo_evidence,review,needs_review,low,,manual_review,
/home/rae_admin/joomla-greenoffice/joomla_data/images/2021/03/03/model.jpg,images/2021/03/03/model.jpg,model.jpg,jpg,image/jpeg,26595,2026-01-23T00:15:26+07:00,01ce354a251c8c01139b6c501757bdb49d0fa310b7122b4b9d457150e4290184,readable,non_zero,2564,2,2.2,2.2.1,2.2.1,activity_image,photo_evidence,review,needs_review,low,,manual_review,
/home/rae_admin/joomla-greenoffice/joomla_data/images/2021/03/03/fish.png,images/2021/03/03/fish.png,fish.png,png,image/png,199079,2026-01-23T00:15:26+07:00,5d0fc0db0a1ee15a826fb6c03a8b5fd7e36086aff7decffae44e655e999577f5,readable,non_zero,2564,2,2.2,2.2.1,2.2.1,activity_image,photo_evidence,review,needs_review,low,,manual_review,
/home/rae_admin/joomla-greenoffice/joomla_data/images/2021/03/03/feature2.png,images/2021/03/03/feature2.png,feature2.png,png,image/png,1119,2026-01-23T00:15:26+07:00,83a186a744eda05284c99e1e32dca6efe9927c857a7ad39b91856c2a92731535,readable,non_zero,2564,2,2.2,2.2.1,2.2.1,activity_image,photo_evidence,review,needs_review,low,,manual_review,
/home/rae_admin/joomla-greenoffice/joomla_data/images/2021/03/03/travel_gallery3.jpg,images/2021/03/03/travel_gallery3.jpg,travel_gallery3.jpg,jpg,image/jpeg,16593,2026-01-23T00:15:26+07:00,557b0b2e95c45890d10eb92ef7940f8028f122b9406a35f172a446eabb8dda92,readable,non_zero,2564,2,2.2,2.2.1,2.2.1,activity_image,photo_evidence,review,needs_review,low,,manual_review,
/home/rae_admin/joomla-greenoffice/joomla_data/images/2021/03/03/travel_gallery4.jpg,images/2021/03/03/travel_gallery4.jpg,travel_gallery4.jpg,jpg,image/jpeg,11239,2026-01-23T00:15:26+07:00,874215ceee2d99ac63a2f43ee43d2630d3ae2785051b64ee72c3d3a9584af8d2,readable,non_zero,2564,2,2.2,2.2.1,2.2.1,activity_image,photo_evidence,review,needs_review,low,,manual_review,
/home/rae_admin/joomla-greenoffice/joomla_data/images/2021/03/03/sec-divider.png,images/2021/03/03/sec-divider.png,sec-divider.png,png,image/png,427,2026-01-23T00:15:26+07:00,8eeafecda82a95076cd25813ec1d732507d1f2601221fe12ac102b7fb172ba86,readable,non_zero,2564,2,2.2,2.2.1,2.2.1,activity_image,photo_evidence,review,needs_review,low,,manual_review,
/home/rae_admin/joomla-greenoffice/joomla_data/images/2021/03/03/gallery2.jpg,images/2021/03/03/gallery2.jpg,gallery2.jpg,jpg,image/jpeg,36703,2026-01-23T00:15:26+07:00,016e9732f6b90d46c3c84d4121ce74db14b76805456d6cc0d9e9327156e0d858,readable,non_zero,2564,2,2.2,2.2.1,2.2.1,activity_image,photo_evidence,review,needs_review,low,,manual_review,
/home/rae_admin/joomla-greenoffice/joomla_data/images/2021/03/03/gallery6.jpg,images/2021/03/03/gallery6.jpg,gallery6.jpg,jpg,image/jpeg,29965,2026-01-23T00:15:26+07:00,ce434f0becbd01771623aad8b1fa30173d487ed5fd302c6cf7f2a9bab1a67574,readable,non_zero,2564,2,2.2,2.2.1,2.2.1,activity_image,photo_evidence,review,needs_review,low,,manual_review,
/home/rae_admin/joomla-greenoffice/joomla_data/images/2021/03/03/serial2.png,images/2021/03/03/serial2.png,serial2.png,png,image/png,632,2026-01-23T00:15:26+07:00,67601b918f250476aa33935c709557c885b15f018adc37b869a31663861c435e,readable,non_zero,2564,2,2.2,2.2.1,2.2.1,activity_image,photo_evidence,review,needs_review,low,,manual_review,
/home/rae_admin/joomla-greenoffice/joomla_data/images/2021/03/03/feature3.png,images/2021/03/03/feature3.png,feature3.png,png,image/png,1243,2026-01-23T00:15:26+07:00,e480b554f1bfe1b347ff3c462e4ee4b1a83846bddc681acbed11d62427b76ab3,readable,non_zero,2564,2,2.2,2.2.1,2.2.1,activity_image,photo_evidence,review,needs_review,low,,manual_review,
/home/rae_admin/joomla-greenoffice/joomla_data/images/2021/03/03/gallery-img.png,images/2021/03/03/gallery-img.png,gallery-img.png,png,image/png,113569,2026-01-23T00:15:26+07:00,ad998068d897a54c516523667b1714c0a1999faa20419836f1abc9d02d1202cc,readable,non_zero,2564,2,2.2,2.2.1,2.2.1,activity_image,photo_evidence,review,needs_review,low,,manual_review,
/home/rae_admin/joomla-greenoffice/joomla_data/images/2021/03/03/gallery4.jpg,images/2021/03/03/gallery4.jpg,gallery4.jpg,jpg,image/jpeg,11416,2026-01-23T00:15:26+07:00,b271a6966adbfeb005de2ec93f3ef2ff4343d1bdeaca92fd9af0a9896f31efb0,readable,non_zero,2564,2,2.2,2.2.1,2.2.1,activity_image,photo_evidence,review,needs_review,low,,manual_review,
/home/rae_admin/joomla-greenoffice/joomla_data/images/2021/03/03/serial3.png,images/2021/03/03/serial3.png,serial3.png,png,image/png,750,2026-01-23T00:15:26+07:00,b04eb496c314adc55edd457b7acc22cc07991e352ca3d391065082c83d16bc04,readable,non_zero,2564,2,2.2,2.2.1,2.2.1,activity_image,photo_evidence,review,needs_review,low,,manual_review,
/home/rae_admin/joomla-greenoffice/joomla_data/images/2021/03/03/cta-bg2.jpg,images/2021/03/03/cta-bg2.jpg,cta-bg2.jpg,jpg,image/jpeg,50117,2026-01-23T00:15:26+07:00,b8d7289e46a291fb23592019bb7d21bffd25a7a68e9b0a43faf67d2caafc0e04,readable,non_zero,2564,2,2.2,2.2.1,2.2.1,activity_image,photo_evidence,review,needs_review,low,,manual_review,
/home/rae_admin/joomla-greenoffice/joomla_data/images/2021/03/03/divider.png,images/2021/03/03/divider.png,divider.png,png,image/png,283,2026-01-23T00:15:26+07:00,494f4eea1240438cca059899d3e48377ed959e4d1c70b2d1efd956c16639ff04,readable,non_zero,2564,2,2.2,2.2.1,2.2.1,activity_image,photo_evidence,review,needs_review,low,,manual_review,
/home/rae_admin/joomla-greenoffice/joomla_data/images/2021/03/03/_spmedia_thumbs/travel_gallery2.jpg,images/2021/03/03/_spmedia_thumbs/travel_gallery2.jpg,travel_gallery2.jpg,jpg,image/jpeg,79290,2026-01-23T00:15:26+07:00,f1b5ddd84f68d9eb799cd3a565eac42911ffb743e86684b8823e0768f6669018,readable,non_zero,2564,2,2.2,2.2.1,2.2.1,activity_image,photo_evidence,review,needs_review,low,,manual_review,
/home/rae_admin/joomla-greenoffice/joomla_data/images/2021/03/03/_spmedia_thumbs/gallery7.jpg,images/2021/03/03/_spmedia_thumbs/gallery7.jpg,gallery7.jpg,jpg,image/jpeg,57529,2026-01-23T00:15:26+07:00,88f5e2f859b38568de3d5b9198ff6135e5d9c33e6555d04ed06aa3977688047c,readable,non_zero,2564,2,2.2,2.2.1,2.2.1,activity_image,photo_evidence,review,needs_review,low,,manual_review,
/home/rae_admin/joomla-greenoffice/joomla_data/images/2021/03/03/_spmedia_thumbs/blog12.jpg,images/2021/03/03/_spmedia_thumbs/blog12.jpg,blog12.jpg,jpg,image/jpeg,33620,2026-01-23T00:15:26+07:00,7c876337db45b522cf100d6977db1a9b33c7bfe15af1585c568feb361ddd9a4a,readable,non_zero,2564,2,2.2,2.2.1,2.2.1,activity_image,photo_evidence,review,needs_review,low,,manual_review,
/home/rae_admin/joomla-greenoffice/joomla_data/images/2021/03/03/_spmedia_thumbs/gallery3.jpg,images/2021/03/03/_spmedia_thumbs/gallery3.jpg,gallery3.jpg,jpg,image/jpeg,37388,2026-01-23T00:15:26+07:00,b6e3413b502b823c00accdb8da341c50bb5750f6b3c8af4b24696959f0107089,readable,non_zero,2564,2,2.2,2.2.1,2.2.1,activity_image,photo_evidence,review,needs_review,low,,manual_review,
/home/rae_admin/joomla-greenoffice/joomla_data/images/2021/03/03/_spmedia_thumbs/gallery8.jpg,images/2021/03/03/_spmedia_thumbs/gallery8.jpg,gallery8.jpg,jpg,image/jpeg,62100,2026-01-23T00:15:26+07:00,1c0b48a353420b9ca47e83b34a648f6ab0772f36a34f5395ef21cc0b33ca6973,readable,non_zero,2564,2,2.2,2.2.1,2.2.1,activity_image,photo_evidence,review,needs_review,low,,manual_review,
/home/rae_admin/joomla-greenoffice/joomla_data/images/2021/03/03/_spmedia_thumbs/fish-ice.png,images/2021/03/03/_spmedia_thumbs/fish-ice.png,fish-ice.png,png,image/png,162077,2026-01-23T00:15:26+07:00,3db994f0bb0145710931c2010786a223e7e9e7c4fd6a8d376a533678f5490f80,readable,non_zero,2564,2,2.2,2.2.1,2.2.1,activity_image,photo_evidence,review,needs_review,low,,manual_review,
/home/rae_admin/joomla-greenoffice/joomla_data/images/2021/03/03/_spmedia_thumbs/gallery1.jpg,images/2021/03/03/_spmedia_thumbs/gallery1.jpg,gallery1.jpg,jpg,image/jpeg,59615,2026-01-23T00:15:26+07:00,35b874586dc1ed55b0ba1039bb1af56158cba8a7b6de370323a044c9167ff3cd,readable,non_zero,2564,2,2.2,2.2.1,2.2.1,activity_image,photo_evidence,review,needs_review,low,,manual_review,
/home/rae_admin/joomla-greenoffice/joomla_data/images/2021/03/03/_spmedia_thumbs/travel_gallery1.jpg,images/2021/03/03/_spmedia_thumbs/travel_gallery1.jpg,travel_gallery1.jpg,jpg,image/jpeg,43608,2026-01-23T00:15:26+07:00,7c3bbb7d80d683eff326de333e5c7f32713463dd70815c3a8d26f5f30f0c1eb5,readable,non_zero,2564,2,2.2,2.2.1,2.2.1,activity_image,photo_evidence,review,needs_review,low,,manual_review,
/home/rae_admin/joomla-greenoffice/joomla_data/images/2021/03/03/_spmedia_thumbs/gallery5.jpg,images/2021/03/03/_spmedia_thumbs/gallery5.jpg,gallery5.jpg,jpg,image/jpeg,48274,2026-01-23T00:15:26+07:00,cff26f052145a966865a65479878050026451571c23941f4c1294e98cc63a943,readable,non_zero,2564,2,2.2,2.2.1,2.2.1,activity_image,photo_evidence,review,needs_review,low,,manual_review,
/home/rae_admin/joomla-greenoffice/joomla_data/images/2021/03/03/_spmedia_thumbs/fish-bg.jpg,images/2021/03/03/_spmedia_thumbs/fish-bg.jpg,fish-bg.jpg,jpg,image/jpeg,50514,2026-01-23T00:15:26+07:00,400ab11eeba89d7ae591700c8b2451e454afef950bb223664c09b7b3f6c5dca8,readable,non_zero,2564,2,2.2,2.2.1,2.2.1,activity_image,photo_evidence,review,needs_review,low,,manual_review,
/home/rae_admin/joomla-greenoffice/joomla_data/images/2021/03/03/_spmedia_thumbs/travel-bg.jpg,images/2021/03/03/_spmedia_thumbs/travel-bg.jpg,travel-bg.jpg,jpg,image/jpeg,69333,2026-01-23T00:15:26+07:00,771f9d5636daea5177bc58429a738d423c8a61840faa3514e584b2b960d00ff1,readable,non_zero,2564,2,2.2,2.2.1,2.2.1,activity_image,photo_evidence,review,needs_review,low,,manual_review,
/home/rae_admin/joomla-greenoffice/joomla_data/images/2021/03/03/_spmedia_thumbs/model.jpg,images/2021/03/03/_spmedia_thumbs/model.jpg,model.jpg,jpg,image/jpeg,63800,2026-01-23T00:15:26+07:00,934709c51fa9363037e9c8ced279496c682c9a76d4b40ee0464ec8233f0603b0,readable,non_zero,2564,2,2.2,2.2.1,2.2.1,activity_image,photo_evidence,review,needs_review,low,,manual_review,
/home/rae_admin/joomla-greenoffice/joomla_data/images/2021/03/03/_spmedia_thumbs/fish.png,images/2021/03/03/_spmedia_thumbs/fish.png,fish.png,png,image/png,160557,2026-01-23T00:15:26+07:00,9a405e066c09e4e5d5d995a385b7364a54662dac2900c91a824193a5132c7719,readable,non_zero,2564,2,2.2,2.2.1,2.2.1,activity_image,photo_evidence,review,needs_review,low,,manual_review,
/home/rae_admin/joomla-greenoffice/joomla_data/images/2021/03/03/_spmedia_thumbs/blog3.jpg,images/2021/03/03/_spmedia_thumbs/blog3.jpg,blog3.jpg,jpg,image/jpeg,67932,2026-01-23T00:15:26+07:00,00268ca6ca46843a5e1cef7acb73cb317e96dffd34d934ed1a626c78d37b12e1,readable,non_zero,2564,2,2.2,2.2.1,2.2.1,activity_image,photo_evidence,review,needs_review,low,,manual_review,
/home/rae_admin/joomla-greenoffice/joomla_data/images/2021/03/03/_spmedia_thumbs/travel_gallery3.jpg,images/2021/03/03/_spmedia_thumbs/travel_gallery3.jpg,travel_gallery3.jpg,jpg,image/jpeg,80887,2026-01-23T00:15:26+07:00,6f188a14c2537fe90b26586bce071b31caf241667f2b72942e9d0f41ba12bb22,readable,non_zero,2564,2,2.2,2.2.1,2.2.1,activity_image,photo_evidence,review,needs_review,low,,manual_review,
/home/rae_admin/joomla-greenoffice/joomla_data/images/2021/03/03/_spmedia_thumbs/travel_gallery4.jpg,images/2021/03/03/_spmedia_thumbs/travel_gallery4.jpg,travel_gallery4.jpg,jpg,image/jpeg,60839,2026-01-23T00:15:26+07:00,41f0415f86066cc84a5c9e59db39d27ebbbe776ae1a281340cf413289b0afd08,readable,non_zero,2564,2,2.2,2.2.1,2.2.1,activity_image,photo_evidence,review,needs_review,low,,manual_review,
/home/rae_admin/joomla-greenoffice/joomla_data/images/2021/03/03/_spmedia_thumbs/sec-divider.png,images/2021/03/03/_spmedia_thumbs/sec-divider.png,sec-divider.png,png,image/png,450,2026-01-23T00:15:26+07:00,5b146580371cd644838ca8e6c3a541f82189402b71c31d44251cb8968b96fcf3,readable,non_zero,2564,2,2.2,2.2.1,2.2.1,activity_image,photo_evidence,review,needs_review,low,,manual_review,
/home/rae_admin/joomla-greenoffice/joomla_data/images/2021/03/03/_spmedia_thumbs/gallery2.jpg,images/2021/03/03/_spmedia_thumbs/gallery2.jpg,gallery2.jpg,jpg,image/jpeg,53863,2026-01-23T00:15:26+07:00,5ea755296482b005533107ce2e6cd27d219122f6c4f40df07cfc92818dbf16d6,readable,non_zero,2564,2,2.2,2.2.1,2.2.1,activity_image,photo_evidence,review,needs_review,low,,manual_review,
/home/rae_admin/joomla-greenoffice/joomla_data/images/2021/03/03/_spmedia_thumbs/gallery6.jpg,images/2021/03/03/_spmedia_thumbs/gallery6.jpg,gallery6.jpg,jpg,image/jpeg,46988,2026-01-23T00:15:26+07:00,5c82cca367d1673c0dee91803e84272526f1e4c6752be6343986e0593814f81e,readable,non_zero,2564,2,2.2,2.2.1,2.2.1,activity_image,photo_evidence,review,needs_review,low,,manual_review,
/home/rae_admin/joomla-greenoffice/joomla_data/images/2021/03/03/_spmedia_thumbs/gallery-img.png,images/2021/03/03/_spmedia_thumbs/gallery-img.png,gallery-img.png,png,image/png,111999,2026-01-23T00:15:26+07:00,57f0a706bd25c4ff0b3908ccb396020889abec8c8cb369d01a993153dd52ff20,readable,non_zero,2564,2,2.2,2.2.1,2.2.1,activity_image,photo_evidence,review,needs_review,low,,manual_review,
/home/rae_admin/joomla-greenoffice/joomla_data/images/2021/03/03/_spmedia_thumbs/gallery4.jpg,images/2021/03/03/_spmedia_thumbs/gallery4.jpg,gallery4.jpg,jpg,image/jpeg,32570,2026-01-23T00:15:26+07:00,68c214c02829298b3f68f96a851fb0ddf108f616145f8c136d8a1689b3fd9caa,readable,non_zero,2564,2,2.2,2.2.1,2.2.1,activity_image,photo_evidence,review,needs_review,low,,manual_review,
/home/rae_admin/joomla-greenoffice/joomla_data/images/2021/03/03/_spmedia_thumbs/cta-bg2.jpg,images/2021/03/03/_spmedia_thumbs/cta-bg2.jpg,cta-bg2.jpg,jpg,image/jpeg,62764,2026-01-23T00:15:26+07:00,6515909cade27c25dd5657d28c6f7ea26b6c6dab2b08c8158ae180380cf166bb,readable,non_zero,2564,2,2.2,2.2.1,2.2.1,activity_image,photo_evidence,review,needs_review,low,,manual_review,
/home/rae_admin/joomla-greenoffice/joomla_data/images/2021/03/03/_spmedia_thumbs/blog4.jpg,images/2021/03/03/_spmedia_thumbs/blog4.jpg,blog4.jpg,jpg,image/jpeg,59313,2026-01-23T00:15:26+07:00,47dcc983348ba7e98308f3ccedc21e8fa871362db2639f70ba478fa184b782b5,readable,non_zero,2564,2,2.2,2.2.1,2.2.1,activity_image,photo_evidence,review,needs_review,low,,manual_review,
/home/rae_admin/joomla-greenoffice/joomla_data/images/2021/03/03/_spmedia_thumbs/divider.png,images/2021/03/03/_spmedia_thumbs/divider.png,divider.png,png,image/png,1280,2026-01-23T00:15:26+07:00,6ed2445f770f8de1fed0dbe5b3a403c8d63f0e7746678b1368f9d16c7a57695c,readable,non_zero,2564,2,2.2,2.2.1,2.2.1,activity_image,photo_evidence,review,needs_review,low,,manual_review,
/home/rae_admin/joomla-greenoffice/joomla_data/images/2021/03/02/pvpayvqwuia.jpg,images/2021/03/02/pvpayvqwuia.jpg,pvpayvqwuia.jpg,jpg,image/jpeg,9529,2026-01-23T00:15:26+07:00,ab399139bdf67c65602470dd99b4fecc90f12fe551bd9a3c61b2d9096e041493,readable,non_zero,2564,2,2.2,2.2.1,2.2.1,activity_image,photo_evidence,review,needs_review,low,,manual_review,
/home/rae_admin/joomla-greenoffice/joomla_data/images/2021/03/02/cta-bg.jpg,images/2021/03/02/cta-bg.jpg,cta-bg.jpg,jpg,image/jpeg,87934,2026-01-23T00:15:26+07:00,88ef7f11bee9596b30ecd32a14902bd6e53db805f00996e99c91f06d1e6eae7d,readable,non_zero,2564,2,2.2,2.2.1,2.2.1,activity_image,photo_evidence,review,needs_review,low,,manual_review,
/home/rae_admin/joomla-greenoffice/joomla_data/images/2021/03/02/corporate-hero-bg.jpg,images/2021/03/02/corporate-hero-bg.jpg,corporate-hero-bg.jpg,jpg,image/jpeg,87934,2026-01-23T00:15:26+07:00,91f3e9f043518c2b415f0c4c275860771e1ed1894d906965e45f880a4ceb5092,readable,non_zero,2564,2,2.2,2.2.1,2.2.1,activity_image,photo_evidence,review,needs_review,low,,manual_review,
/home/rae_admin/joomla-greenoffice/joomla_data/images/2021/03/02/pick-img.jpg,images/2021/03/02/pick-img.jpg,pick-img.jpg,jpg,image/jpeg,22062,2026-01-23T00:15:26+07:00,76421a601735ad16217916ab6f6c094b886e51dbcb7f63b1414d0417f7e2811a,readable,non_zero,2564,2,2.2,2.2.1,2.2.1,activity_image,photo_evidence,review,needs_review,low,,manual_review,
/home/rae_admin/joomla-greenoffice/joomla_data/images/2021/03/02/_spmedia_thumbs/pvpayvqwuia.jpg,images/2021/03/02/_spmedia_thumbs/pvpayvqwuia.jpg,pvpayvqwuia.jpg,jpg,image/jpeg,52703,2026-01-23T00:15:26+07:00,21d6429a94fb8cc604990a2567b8281d08d4e20ff79c54fb497b0a092ad9639c,readable,non_zero,2564,2,2.2,2.2.1,2.2.1,activity_image,photo_evidence,review,needs_review,low,,manual_review,
/home/rae_admin/joomla-greenoffice/joomla_data/images/2021/03/02/_spmedia_thumbs/cta-bg.jpg,images/2021/03/02/_spmedia_thumbs/cta-bg.jpg,cta-bg.jpg,jpg,image/jpeg,58181,2026-01-23T00:15:26+07:00,9b859d84b24623579129933262a91dec047df4a4d4b403586d25252a6776467f,readable,non_zero,2564,2,2.2,2.2.1,2.2.1,activity_image,photo_evidence,review,needs_review,low,,manual_review,
/home/rae_admin/joomla-greenoffice/joomla_data/images/2021/03/02/_spmedia_thumbs/corporate-hero-bg.jpg,images/2021/03/02/_spmedia_thumbs/corporate-hero-bg.jpg,corporate-hero-bg.jpg,jpg,image/jpeg,51119,2026-01-23T00:15:26+07:00,27b1595a743bd3ac0306bac11915a65309c5bf2654e6932c747e87ff352aa96a,readable,non_zero,2564,2,2.2,2.2.1,2.2.1,activity_image,photo_evidence,review,needs_review,low,,manual_review,
/home/rae_admin/joomla-greenoffice/joomla_data/images/2021/03/02/_spmedia_thumbs/pick-img.jpg,images/2021/03/02/_spmedia_thumbs/pick-img.jpg,pick-img.jpg,jpg,image/jpeg,53903,2026-01-23T00:15:26+07:00,705e6d4b5b3b34074c7e8d229d70fc338bae948d561d03bc558988ed4896e52a,readable,non_zero,2564,2,2.2,2.2.1,2.2.1,activity_image,photo_evidence,review,needs_review,low,,manual_review,
/home/rae_admin/joomla-greenoffice/joomla_data/images/2021/03/01/hero.jpg,images/2021/03/01/hero.jpg,hero.jpg,jpg,image/jpeg,64841,2026-01-23T00:15:26+07:00,7cf3cce64eb86b062a6aedcbf135178aeb9a12bccaf2cf0768ea8297b401fbb8,readable,non_zero,2564,2,2.2,2.2.1,2.2.1,activity_image,photo_evidence,review,needs_review,low,,manual_review,
/home/rae_admin/joomla-greenoffice/joomla_data/images/2021/03/01/pick-a-trend-and-personalize-it.jpg,images/2021/03/01/pick-a-trend-and-personalize-it.jpg,pick-a-trend-and-personalize-it.jpg,jpg,image/jpeg,28029,2026-01-23T00:15:26+07:00,b3b86b1dda897f92af16779aaa64e50edcfc82e17320b0a4598256a4bbce8b72,readable,non_zero,2564,2,2.2,2.2.1,2.2.1,activity_image,photo_evidence,review,needs_review,low,,manual_review,
/home/rae_admin/joomla-greenoffice/joomla_data/images/2021/03/01/product-02.jpg,images/2021/03/01/product-02.jpg,product-02.jpg,jpg,image/jpeg,10776,2026-01-23T00:15:26+07:00,7bcd33a2ed768c84d97ca1524a851edab01bd8c153e3b6554a1a55b0769c20fe,readable,non_zero,2564,2,2.2,2.2.1,2.2.1,activity_image,photo_evidence,review,needs_review,low,,manual_review,
/home/rae_admin/joomla-greenoffice/joomla_data/images/2021/03/01/product-03.jpg,images/2021/03/01/product-03.jpg,product-03.jpg,jpg,image/jpeg,15197,2026-01-23T00:15:26+07:00,f835bde108ba52fd29607d092d80b993234d41dbd18aa196bdbdf7fce8c3ea35,readable,non_zero,2564,2,2.2,2.2.1,2.2.1,activity_image,photo_evidence,review,needs_review,low,,manual_review,
/home/rae_admin/joomla-greenoffice/joomla_data/images/2021/03/01/product-01.jpg,images/2021/03/01/product-01.jpg,product-01.jpg,jpg,image/jpeg,19978,2026-01-23T00:15:26+07:00,f3d3bb876799541a4d0fde90ab5641917fd026dd1d515c603c5e66a12763b591,readable,non_zero,2564,2,2.2,2.2.1,2.2.1,activity_image,photo_evidence,review,needs_review,low,,manual_review,
/home/rae_admin/joomla-greenoffice/joomla_data/images/2021/03/01/_spmedia_thumbs/hero.jpg,images/2021/03/01/_spmedia_thumbs/hero.jpg,hero.jpg,jpg,image/jpeg,54483,2026-01-23T00:15:26+07:00,ee72ea58048980baab7e5e6433d114b0c641c594f37f9f949d67920fd8622d32,readable,non_zero,2564,2,2.2,2.2.1,2.2.1,activity_image,photo_evidence,review,needs_review,low,,manual_review,
/home/rae_admin/joomla-greenoffice/joomla_data/images/2021/03/01/_spmedia_thumbs/pick-a-trend-and-personalize-it.jpg,images/2021/03/01/_spmedia_thumbs/pick-a-trend-and-personalize-it.jpg,pick-a-trend-and-personalize-it.jpg,jpg,image/jpeg,60749,2026-01-23T00:15:26+07:00,617485e4e84b5e58ea02cd2f85b6046eda029f01be3ba253e4377099bb68f2c8,readable,non_zero,2564,2,2.2,2.2.1,2.2.1,activity_image,photo_evidence,review,needs_review,low,,manual_review,
/home/rae_admin/joomla-greenoffice/joomla_data/images/2021/03/01/_spmedia_thumbs/product-02.jpg,images/2021/03/01/_spmedia_thumbs/product-02.jpg,product-02.jpg,jpg,image/jpeg,41218,2026-01-23T00:15:26+07:00,3980aa185f926a6b3f84ea72fc76cffe840fdf9971c096df5bfc33e82e10a1dd,readable,non_zero,2564,2,2.2,2.2.1,2.2.1,activity_image,photo_evidence,review,needs_review,low,,manual_review,
/home/rae_admin/joomla-greenoffice/joomla_data/images/2021/03/01/_spmedia_thumbs/product-03.jpg,images/2021/03/01/_spmedia_thumbs/product-03.jpg,product-03.jpg,jpg,image/jpeg,50020,2026-01-23T00:15:26+07:00,73d07d5c1a158f4bd5f15ba08a5bcb4932e0fd202f92b2d80f5c7c92623fc0ea,readable,non_zero,2564,2,2.2,2.2.1,2.2.1,activity_image,photo_evidence,review,needs_review,low,,manual_review,
/home/rae_admin/joomla-greenoffice/joomla_data/images/2021/03/01/_spmedia_thumbs/product-01.jpg,images/2021/03/01/_spmedia_thumbs/product-01.jpg,product-01.jpg,jpg,image/jpeg,61668,2026-01-23T00:15:26+07:00,fe40cd9f42f0bff1e51f729c9dfac58c8ca12b1c7432363fb0005ecc3e8889a6,readable,non_zero,2564,2,2.2,2.2.1,2.2.1,activity_image,photo_evidence,review,needs_review,low,,manual_review,
/home/rae_admin/joomla-greenoffice/joomla_data/images/2018/02/22/blog1_medium.jpg,images/2018/02/22/blog1_medium.jpg,blog1_medium.jpg,jpg,image/jpeg,27627,2026-01-23T00:15:26+07:00,39c43d436f04af85bb597cf3b0a43dcb23aca3c4a29ffb63bd5d193b623d06f6,readable,non_zero,2561,2,2.2,2.2.1,2.2.1,activity_image,photo_evidence,review,needs_review,low,,manual_review,
/home/rae_admin/joomla-greenoffice/joomla_data/images/2018/02/22/blog1.jpg,images/2018/02/22/blog1.jpg,blog1.jpg,jpg,image/jpeg,17600,2026-01-23T00:15:26+07:00,0a30189dacac93a0d5ee136a4f2903ecde5792bea05063f353650524c59992f7,readable,non_zero,2561,2,2.2,2.2.1,2.2.1,activity_image,photo_evidence,review,needs_review,low,,manual_review,
/home/rae_admin/joomla-greenoffice/joomla_data/images/2018/02/22/hero.jpg,images/2018/02/22/hero.jpg,hero.jpg,jpg,image/jpeg,232011,2026-01-23T00:15:26+07:00,ff7f6a0216f0bdbbfdbd2e7f3e9aa399ea67d071809ca7d776ea7607af18f262,readable,non_zero,2561,2,2.2,2.2.1,2.2.1,activity_image,photo_evidence,review,needs_review,low,,manual_review,
/home/rae_admin/joomla-greenoffice/joomla_data/images/2018/02/22/blog2.jpg,images/2018/02/22/blog2.jpg,blog2.jpg,jpg,image/jpeg,14757,2026-01-23T00:15:26+07:00,220a6a59f65e9d5479423f3130286d8155047f2cf52661fe3085a89b8cd3f605,readable,non_zero,2561,2,2.2,2.2.1,2.2.1,activity_image,photo_evidence,review,needs_review,low,,manual_review,
/home/rae_admin/joomla-greenoffice/joomla_data/images/2018/02/22/person2.jpg,images/2018/02/22/person2.jpg,person2.jpg,jpg,image/jpeg,77694,2026-01-23T00:15:26+07:00,ea5864dfa87a27a045fc977dc43c94c57c5732d6934f1bd5498babba4f4273af,readable,non_zero,2561,2,2.2,2.2.1,2.2.1,activity_image,photo_evidence,review,needs_review,low,,manual_review,
/home/rae_admin/joomla-greenoffice/joomla_data/images/2018/02/22/client1.png,images/2018/02/22/client1.png,client1.png,png,image/png,1076,2026-01-23T00:15:26+07:00,ea0efe6df680e12ffa2640bcbff2faf3a4a927aea92273cc9afabf4c5e2e8e49,readable,non_zero,2561,2,2.2,2.2.1,2.2.1,activity_image,photo_evidence,review,needs_review,low,,manual_review,
/home/rae_admin/joomla-greenoffice/joomla_data/images/2018/02/22/blog1_small.jpg,images/2018/02/22/blog1_small.jpg,blog1_small.jpg,jpg,image/jpeg,5770,2026-01-23T00:15:26+07:00,87e7b6e911cf92ec75d6d078989aac302070a63de5609e6499e037364cc1d127,readable,non_zero,2561,2,2.2,2.2.1,2.2.1,activity_image,photo_evidence,review,needs_review,low,,manual_review,
/home/rae_admin/joomla-greenoffice/joomla_data/images/2018/02/22/blog3_medium.jpg,images/2018/02/22/blog3_medium.jpg,blog3_medium.jpg,jpg,image/jpeg,66968,2026-01-23T00:15:26+07:00,34b25f44de76dc497b560040aa8c21cc509509a8d641cfbe1d3dfc053640bb6d,readable,non_zero,2561,2,2.2,2.2.1,2.2.1,activity_image,photo_evidence,review,needs_review,low,,manual_review,
/home/rae_admin/joomla-greenoffice/joomla_data/images/2018/02/22/client3.png,images/2018/02/22/client3.png,client3.png,png,image/png,633,2026-01-23T00:15:26+07:00,4edb3ab6bc32feeb8853c1d252b2a95d1d9d8060fc8d74c6739b975420ff3131,readable,non_zero,2561,2,2.2,2.2.1,2.2.1,activity_image,photo_evidence,review,needs_review,low,,manual_review,
/home/rae_admin/joomla-greenoffice/joomla_data/images/2018/02/22/blog3.jpg,images/2018/02/22/blog3.jpg,blog3.jpg,jpg,image/jpeg,72197,2026-01-23T00:15:26+07:00,fc7e52973cd54d72c36e4ca9a42f1bbb78ec85558a0a053e1e19343528a96cd0,readable,non_zero,2561,2,2.2,2.2.1,2.2.1,activity_image,photo_evidence,review,needs_review,low,,manual_review,
/home/rae_admin/joomla-greenoffice/joomla_data/images/2018/02/22/img1.jpg,images/2018/02/22/img1.jpg,img1.jpg,jpg,image/jpeg,31882,2026-01-23T00:15:26+07:00,82d9947c4add0d23a759228e2291b8dd67aa6a98211e083c913891279f82ac9d,readable,non_zero,2561,2,2.2,2.2.1,2.2.1,activity_image,photo_evidence,review,needs_review,low,,manual_review,
/home/rae_admin/joomla-greenoffice/joomla_data/images/2018/02/22/img2.jpg,images/2018/02/22/img2.jpg,img2.jpg,jpg,image/jpeg,31727,2026-01-23T00:15:26+07:00,316611c3fc612b45eab8b387a328ac6b4bfb1cec737550a72cc9a9413cbe65ac,readable,non_zero,2561,2,2.2,2.2.1,2.2.1,activity_image,photo_evidence,review,needs_review,low,,manual_review,
/home/rae_admin/joomla-greenoffice/joomla_data/images/2018/02/22/blog2_medium.jpg,images/2018/02/22/blog2_medium.jpg,blog2_medium.jpg,jpg,image/jpeg,25134,2026-01-23T00:15:26+07:00,b8dd11cb24ada90208fbc273d178516e29fcfc806dadb7c65b94e70aa59e68f9,readable,non_zero,2561,2,2.2,2.2.1,2.2.1,activity_image,photo_evidence,review,needs_review,low,,manual_review,
/home/rae_admin/joomla-greenoffice/joomla_data/images/2018/02/22/blog3_small.jpg,images/2018/02/22/blog3_small.jpg,blog3_small.jpg,jpg,image/jpeg,12278,2026-01-23T00:15:26+07:00,692d7814848f354d0631348056b8719af3e9a7afed8849d614324e418363a51c,readable,non_zero,2561,2,2.2,2.2.1,2.2.1,activity_image,photo_evidence,review,needs_review,low,,manual_review,
/home/rae_admin/joomla-greenoffice/joomla_data/images/2018/02/22/avatar.jpg,images/2018/02/22/avatar.jpg,avatar.jpg,jpg,image/jpeg,1663,2026-01-23T00:15:26+07:00,697d0286a437fd49f74adcd7ead70d6b8251829a8764096698c2492582b8dd86,readable,non_zero,2561,2,2.2,2.2.1,2.2.1,activity_image,photo_evidence,review,needs_review,low,,manual_review,
/home/rae_admin/joomla-greenoffice/joomla_data/images/2018/02/22/blog2_small.jpg,images/2018/02/22/blog2_small.jpg,blog2_small.jpg,jpg,image/jpeg,5319,2026-01-23T00:15:26+07:00,eaa1f9b6eea1b64ca56c815cc54c88ecb204b3c7675e6eb25e075dfb13089ac0,readable,non_zero,2561,2,2.2,2.2.1,2.2.1,activity_image,photo_evidence,review,needs_review,low,,manual_review,
/home/rae_admin/joomla-greenoffice/joomla_data/images/2018/02/22/person1.jpg,images/2018/02/22/person1.jpg,person1.jpg,jpg,image/jpeg,39536,2026-01-23T00:15:26+07:00,a3b40896f5f15ddd93409af1d382f3a60ee4b04f9d67a642b3523cb21c5cdf66,readable,non_zero,2561,2,2.2,2.2.1,2.2.1,activity_image,photo_evidence,review,needs_review,low,,manual_review,
/home/rae_admin/joomla-greenoffice/joomla_data/images/2018/02/22/client2.png,images/2018/02/22/client2.png,client2.png,png,image/png,962,2026-01-23T00:15:26+07:00,793be029fe435e701b105057217390bbe986be1650c13b3aa43295fb3c8fadd3,readable,non_zero,2561,2,2.2,2.2.1,2.2.1,activity_image,photo_evidence,review,needs_review,low,,manual_review,
/home/rae_admin/joomla-greenoffice/joomla_data/images/2018/02/22/person3.jpg,images/2018/02/22/person3.jpg,person3.jpg,jpg,image/jpeg,33023,2026-01-23T00:15:26+07:00,518a000bf0e019a91d1ff4b24f591a5e6aaa91683e0a965674e660f02fef4f06,readable,non_zero,2561,2,2.2,2.2.1,2.2.1,activity_image,photo_evidence,review,needs_review,low,,manual_review,
/home/rae_admin/joomla-greenoffice/joomla_data/images/2018/02/22/client4.png,images/2018/02/22/client4.png,client4.png,png,image/png,847,2026-01-23T00:15:26+07:00,3f30223b2298b375009ab21ade1084c3e44d1462ca80f5fdf46954556fdb11f2,readable,non_zero,2561,2,2.2,2.2.1,2.2.1,activity_image,photo_evidence,review,needs_review,low,,manual_review,
/home/rae_admin/joomla-greenoffice/joomla_data/images/2018/02/22/_spmedia_thumbs/hero.jpg,images/2018/02/22/_spmedia_thumbs/hero.jpg,hero.jpg,jpg,image/jpeg,83570,2026-01-23T00:15:26+07:00,98c1270b66c94d630eed481c196d1ffe5b10cf20c4f821eef93261144e7653b8,readable,non_zero,2561,2,2.2,2.2.1,2.2.1,activity_image,photo_evidence,review,needs_review,low,,manual_review,
/home/rae_admin/joomla-greenoffice/joomla_data/images/2018/02/22/_spmedia_thumbs/person2.jpg,images/2018/02/22/_spmedia_thumbs/person2.jpg,person2.jpg,jpg,image/jpeg,77938,2026-01-23T00:15:26+07:00,131d2f98ea86cf68d99dacf21c21b19c3ed2e38706ab0b3be24c6e8e73d9f2c9,readable,non_zero,2561,2,2.2,2.2.1,2.2.1,activity_image,photo_evidence,review,needs_review,low,,manual_review,
/home/rae_admin/joomla-greenoffice/joomla_data/images/2018/02/22/_spmedia_thumbs/img1.jpg,images/2018/02/22/_spmedia_thumbs/img1.jpg,img1.jpg,jpg,image/jpeg,54751,2026-01-23T00:15:26+07:00,b6797f1b39155faff7de093f04d61be904b198fddace67226cba7ca62d8d15ac,readable,non_zero,2561,2,2.2,2.2.1,2.2.1,activity_image,photo_evidence,review,needs_review,low,,manual_review,
/home/rae_admin/joomla-greenoffice/joomla_data/images/2018/02/22/_spmedia_thumbs/img2.jpg,images/2018/02/22/_spmedia_thumbs/img2.jpg,img2.jpg,jpg,image/jpeg,63310,2026-01-23T00:15:26+07:00,742adac0ee0db784aeb27405977c2ae708346874dc07bca183f1981096741518,readable,non_zero,2561,2,2.2,2.2.1,2.2.1,activity_image,photo_evidence,review,needs_review,low,,manual_review,
/home/rae_admin/joomla-greenoffice/joomla_data/images/2018/02/22/_spmedia_thumbs/person1.jpg,images/2018/02/22/_spmedia_thumbs/person1.jpg,person1.jpg,jpg,image/jpeg,52669,2026-01-23T00:15:26+07:00,8510c7aee379ae3e12d5048d231600544ad4835f5f9e896e42c42e2ce688aa1e,readable,non_zero,2561,2,2.2,2.2.1,2.2.1,activity_image,photo_evidence,review,needs_review,low,,manual_review,
/home/rae_admin/joomla-greenoffice/joomla_data/images/2018/02/22/_spmedia_thumbs/person3.jpg,images/2018/02/22/_spmedia_thumbs/person3.jpg,person3.jpg,jpg,image/jpeg,52839,2026-01-23T00:15:26+07:00,f09482bee60c345543bc6cbf007aeecb29346bfd0ddbaeac7c197ba59e137512,readable,non_zero,2561,2,2.2,2.2.1,2.2.1,activity_image,photo_evidence,review,needs_review,low,,manual_review,
/home/rae_admin/joomla-greenoffice/joomla_data/images/2018/02/23/blog4_small.jpg,images/2018/02/23/blog4_small.jpg,blog4_small.jpg,jpg,image/jpeg,9372,2026-01-23T00:15:26+07:00,8100a658246c320a701352d8f54de182b20cc3324b3e940fa405c35572c0bf05,readable,non_zero,2561,2,2.2,2.2.1,2.2.1,activity_image,photo_evidence,review,needs_review,low,,manual_review,
/home/rae_admin/joomla-greenoffice/joomla_data/images/2018/02/23/blog6_small.jpg,images/2018/02/23/blog6_small.jpg,blog6_small.jpg,jpg,image/jpeg,6495,2026-01-23T00:15:26+07:00,037c7cbf03de7ac2d1beb5c981b6b76bc62e41c494d2b67b0fa30708beccbe9e,readable,non_zero,2561,2,2.2,2.2.1,2.2.1,activity_image,photo_evidence,review,needs_review,low,,manual_review,
/home/rae_admin/joomla-greenoffice/joomla_data/images/2018/02/23/blog5_small.jpg,images/2018/02/23/blog5_small.jpg,blog5_small.jpg,jpg,image/jpeg,7884,2026-01-23T00:15:26+07:00,c6ef074eeffbf1a33e38efc3942320f46707e4744a1026aa8f4146bb6d768b8c,readable,non_zero,2561,2,2.2,2.2.1,2.2.1,activity_image,photo_evidence,review,needs_review,low,,manual_review,
/home/rae_admin/joomla-greenoffice/joomla_data/images/2018/02/23/blog10_medium.jpg,images/2018/02/23/blog10_medium.jpg,blog10_medium.jpg,jpg,image/jpeg,54597,2026-01-23T00:15:26+07:00,b51395312347c6ce09aa6d833a3bacafd558ae3deb902fae0e686724c39b7b63,readable,non_zero,2561,2,2.2,2.2.1,2.2.1,activity_image,photo_evidence,review,needs_review,low,,manual_review,
/home/rae_admin/joomla-greenoffice/joomla_data/images/2018/02/23/blog1_small.jpg,images/2018/02/23/blog1_small.jpg,blog1_small.jpg,jpg,image/jpeg,5830,2026-01-23T00:15:26+07:00,315c65a49ec4281eaba983e0142b02159bde88cce4598f678cb5ba2cf204fda7,readable,non_zero,2561,2,2.2,2.2.1,2.2.1,activity_image,photo_evidence,review,needs_review,low,,manual_review,
/home/rae_admin/joomla-greenoffice/joomla_data/images/2018/02/23/blog7_medium.jpg,images/2018/02/23/blog7_medium.jpg,blog7_medium.jpg,jpg,image/jpeg,66026,2026-01-23T00:15:26+07:00,a46d592be79e405f1d4243b5982ea973dac30da093c27d1efc86ad74c8feb71a,readable,non_zero,2561,2,2.2,2.2.1,2.2.1,activity_image,photo_evidence,review,needs_review,low,,manual_review,
/home/rae_admin/joomla-greenoffice/joomla_data/images/2018/02/23/blog111_small.jpg,images/2018/02/23/blog111_small.jpg,blog111_small.jpg,jpg,image/jpeg,12582,2026-01-23T00:15:26+07:00,075f3196da256c8696f7296f090db6aad4223b61e246c4adb125efd1dd801fd2,readable,non_zero,2561,2,2.2,2.2.1,2.2.1,activity_image,photo_evidence,review,needs_review,low,,manual_review,
/home/rae_admin/joomla-greenoffice/joomla_data/images/2018/02/23/blog7_small.jpg,images/2018/02/23/blog7_small.jpg,blog7_small.jpg,jpg,image/jpeg,9533,2026-01-23T00:15:26+07:00,8c9933adbc4b4a4fa48d0be4f9c1a5f7b80d5178916fc507f487e92d07fcf8cc,readable,non_zero,2561,2,2.2,2.2.1,2.2.1,activity_image,photo_evidence,review,needs_review,low,,manual_review,
/home/rae_admin/joomla-greenoffice/joomla_data/images/2018/02/23/blog8_small.jpg,images/2018/02/23/blog8_small.jpg,blog8_small.jpg,jpg,image/jpeg,11207,2026-01-23T00:15:26+07:00,67008c38e7d98902fe7752a616aa0b27347536fbdb7cc42a9436ac6fe67f6337,readable,non_zero,2561,2,2.2,2.2.1,2.2.1,activity_image,photo_evidence,review,needs_review,low,,manual_review,
/home/rae_admin/joomla-greenoffice/joomla_data/images/2018/02/23/blog9_medium.jpg,images/2018/02/23/blog9_medium.jpg,blog9_medium.jpg,jpg,image/jpeg,61276,2026-01-23T00:15:26+07:00,a9917ce93bafc1426b9a8add8fa83211b2ab8ded506e2f96504d6033d33dedc2,readable,non_zero,2561,2,2.2,2.2.1,2.2.1,activity_image,photo_evidence,review,needs_review,low,,manual_review,
/home/rae_admin/joomla-greenoffice/joomla_data/images/2018/02/23/blog10.jpg,images/2018/02/23/blog10.jpg,blog10.jpg,jpg,image/jpeg,44579,2026-01-23T00:15:26+07:00,b9aa0decdf23d67d1673ffa58b13f3fe71f56c1b6de88757a2145c58149adf33,readable,non_zero,2561,2,2.2,2.2.1,2.2.1,activity_image,photo_evidence,review,needs_review,low,,manual_review,
/home/rae_admin/joomla-greenoffice/joomla_data/images/2018/02/23/blog5_medium.jpg,images/2018/02/23/blog5_medium.jpg,blog5_medium.jpg,jpg,image/jpeg,45355,2026-01-23T00:15:26+07:00,b1d5edec0f3741792a8975710f983a223119f1a1c6bb35c5869e3cd37e8a7277,readable,non_zero,2561,2,2.2,2.2.1,2.2.1,activity_image,photo_evidence,review,needs_review,low,,manual_review,
/home/rae_admin/joomla-greenoffice/joomla_data/images/2018/02/23/blog8_medium.jpg,images/2018/02/23/blog8_medium.jpg,blog8_medium.jpg,jpg,image/jpeg,65703,2026-01-23T00:15:26+07:00,dbf106bc742628a1572fdde2cc9c7be03891f11bcc5741dace0650d633fbd436,readable,non_zero,2561,2,2.2,2.2.1,2.2.1,activity_image,photo_evidence,review,needs_review,low,,manual_review,
/home/rae_admin/joomla-greenoffice/joomla_data/images/2018/02/23/blog8.jpg,images/2018/02/23/blog8.jpg,blog8.jpg,jpg,image/jpeg,79044,2026-01-23T00:15:26+07:00,f342f6e8adffeb45b280b90c850652a14c839d4b1935608d89996f1c8d89eb7a,readable,non_zero,2561,2,2.2,2.2.1,2.2.1,activity_image,photo_evidence,review,needs_review,low,,manual_review,
/home/rae_admin/joomla-greenoffice/joomla_data/images/2018/02/23/blog111_medium.jpg,images/2018/02/23/blog111_medium.jpg,blog111_medium.jpg,jpg,image/jpeg,67016,2026-01-23T00:15:26+07:00,b5fd27c5b17e52af8e22ea166753021265da4eb66e102f9251dcbdf457e83570,readable,non_zero,2561,2,2.2,2.2.1,2.2.1,activity_image,photo_evidence,review,needs_review,low,,manual_review,
/home/rae_admin/joomla-greenoffice/joomla_data/images/2018/02/23/blog2_medium.jpg,images/2018/02/23/blog2_medium.jpg,blog2_medium.jpg,jpg,image/jpeg,33278,2026-01-23T00:15:26+07:00,58a0ce93731ece668b2013268c11671c24e1cc3b2f830f3c4ed15a58806bdd8e,readable,non_zero,2561,2,2.2,2.2.1,2.2.1,activity_image,photo_evidence,review,needs_review,low,,manual_review,
/home/rae_admin/joomla-greenoffice/joomla_data/images/2018/02/23/blog3_small.jpg,images/2018/02/23/blog3_small.jpg,blog3_small.jpg,jpg,image/jpeg,12807,2026-01-23T00:15:26+07:00,81d5c6c57f822358a3072bb7647dd123a0f559163f6d28182c520da97736a84a,readable,non_zero,2561,2,2.2,2.2.1,2.2.1,activity_image,photo_evidence,review,needs_review,low,,manual_review,
/home/rae_admin/joomla-greenoffice/joomla_data/images/2018/02/23/blog9_small.jpg,images/2018/02/23/blog9_small.jpg,blog9_small.jpg,jpg,image/jpeg,10957,2026-01-23T00:15:26+07:00,d2065d5de640792af29f014c0d21f3b8293058010b52989c7902197fc65054fd,readable,non_zero,2561,2,2.2,2.2.1,2.2.1,activity_image,photo_evidence,review,needs_review,low,,manual_review,
/home/rae_admin/joomla-greenoffice/joomla_data/images/2018/02/23/blog2_small.jpg,images/2018/02/23/blog2_small.jpg,blog2_small.jpg,jpg,image/jpeg,5539,2026-01-23T00:15:26+07:00,3d769adac7c458a96527674ef21fbd07b840c2127a8fc0c92fe2c11a616b47d0,readable,non_zero,2561,2,2.2,2.2.1,2.2.1,activity_image,photo_evidence,review,needs_review,low,,manual_review,
/home/rae_admin/joomla-greenoffice/joomla_data/images/2018/02/23/blog6_medium.jpg,images/2018/02/23/blog6_medium.jpg,blog6_medium.jpg,jpg,image/jpeg,38431,2026-01-23T00:15:26+07:00,a6c1a146d2c473344f79afc00fa9d7cd85f63ed8c30d87507e24fdbc87162f82,readable,non_zero,2561,2,2.2,2.2.1,2.2.1,activity_image,photo_evidence,review,needs_review,low,,manual_review,
/home/rae_admin/joomla-greenoffice/joomla_data/images/2018/02/23/blog10_small.jpg,images/2018/02/23/blog10_small.jpg,blog10_small.jpg,jpg,image/jpeg,10788,2026-01-23T00:15:26+07:00,87d636c39494702f3f7eb904e8e0ce9722111b233033314c0923facfd5b531c8,readable,non_zero,2561,2,2.2,2.2.1,2.2.1,activity_image,photo_evidence,review,needs_review,low,,manual_review,
/home/rae_admin/joomla-greenoffice/joomla_data/images/Img4/context_Page_2.jpg,images/Img4/context_Page_2.jpg,context_Page_2.jpg,jpg,image/jpeg,367230,2026-03-06T20:51:11+07:00,437934122e8bd9baef7cf13fc35f2909aff2d124afca17a70f244421ad86f8b1,readable,non_zero,2569,2,2.2,2.2.1,2.2.1,activity_image,photo_evidence,review,needs_review,low,,manual_review,
/home/rae_admin/joomla-greenoffice/joomla_data/images/Img4/board_Page_4.jpg,images/Img4/board_Page_4.jpg,board_Page_4.jpg,jpg,image/jpeg,284528,2026-03-06T20:51:11+07:00,d3c2f9e2ee428e64a856df1aab16b42783696d0a20fd620e98f17d4f402493b8,readable,non_zero,2569,2,2.2,2.2.1,2.2.1,activity_image,photo_evidence,review,needs_review,low,,manual_review,
/home/rae_admin/joomla-greenoffice/joomla_data/images/Img4/context_Page_6.jpg,images/Img4/context_Page_6.jpg,context_Page_6.jpg,jpg,image/jpeg,444587,2026-03-06T20:51:12+07:00,8322be1ed3a2d989291b6ff1b05972ccbcc0c1434d9788520b9a36756cee883a,readable,non_zero,2569,2,2.2,2.2.1,2.2.1,activity_image,photo_evidence,review,needs_review,low,,manual_review,
/home/rae_admin/joomla-greenoffice/joomla_data/images/Img4/context_Page_5.jpg,images/Img4/context_Page_5.jpg,context_Page_5.jpg,jpg,image/jpeg,394311,2026-03-06T20:51:12+07:00,ea2566a2600626e933c7bd509a2c72f7f96e58cb0a15fa6cf14efd1ca48df55c,readable,non_zero,2569,2,2.2,2.2.1,2.2.1,activity_image,photo_evidence,review,needs_review,low,,manual_review,
/home/rae_admin/joomla-greenoffice/joomla_data/images/Img4/context_Page_7.jpg,images/Img4/context_Page_7.jpg,context_Page_7.jpg,jpg,image/jpeg,515713,2026-03-06T20:51:12+07:00,a9a9d6614553ec673c9426175ce750d397213a3d5f37e33e4e60b0521152320b,readable,non_zero,2569,2,2.2,2.2.1,2.2.1,activity_image,photo_evidence,review,needs_review,low,,manual_review,
/home/rae_admin/joomla-greenoffice/joomla_data/images/Img4/board_Page_2.jpg,images/Img4/board_Page_2.jpg,board_Page_2.jpg,jpg,image/jpeg,327061,2026-03-06T20:51:11+07:00,5d66fa345ff48b96d93a2e19df4801921dcc520f81fddbe3d69af48d4950b5a7,readable,non_zero,2569,2,2.2,2.2.1,2.2.1,activity_image,photo_evidence,review,needs_review,low,,manual_review,
/home/rae_admin/joomla-greenoffice/joomla_data/images/Img4/board_Page_5.jpg,images/Img4/board_Page_5.jpg,board_Page_5.jpg,jpg,image/jpeg,532194,2026-03-06T20:51:14+07:00,b5dc596e2aaa9eef8ce8e9274efa35261c570c60f93eafcbfcf0c59adc0be9ad,readable,non_zero,2569,2,2.2,2.2.1,2.2.1,activity_image,photo_evidence,review,needs_review,low,,manual_review,
/home/rae_admin/joomla-greenoffice/joomla_data/images/Img4/board_Page_1.jpg,images/Img4/board_Page_1.jpg,board_Page_1.jpg,jpg,image/jpeg,628405,2026-03-06T20:51:14+07:00,f711a6d169341abf7adb042aecae3619e5187a075ecfa52ca487c4dfe450ffce,readable,non_zero,2569,2,2.2,2.2.1,2.2.1,activity_image,photo_evidence,review,needs_review,low,,manual_review,
/home/rae_admin/joomla-greenoffice/joomla_data/images/Img4/context_Page_8-1.jpg,images/Img4/context_Page_8-1.jpg,context_Page_8-1.jpg,jpg,image/jpeg,410158,2026-03-06T20:51:12+07:00,816840c4ef0e06a242786d38c3469af8160a58c4d6a5220ce7d2a96f8b49f0bb,readable,non_zero,2569,2,2.2,2.2.1,2.2.1,activity_image,photo_evidence,review,needs_review,low,,manual_review,
/home/rae_admin/joomla-greenoffice/joomla_data/images/Img4/law_Page_2.jpg,images/Img4/law_Page_2.jpg,law_Page_2.jpg,jpg,image/jpeg,324044,2026-03-06T20:51:12+07:00,b921a6ffbfeecbf474f5c37b7ca2c6fedae3b5c535300682c1e5f5d97bfcbefa,readable,non_zero,2569,2,2.2,2.2.1,2.2.1,activity_image,photo_evidence,review,needs_review,low,,manual_review,
/home/rae_admin/joomla-greenoffice/joomla_data/images/Img4/target_Page_2.jpg,images/Img4/target_Page_2.jpg,target_Page_2.jpg,jpg,image/jpeg,296804,2026-03-06T20:51:14+07:00,ad36e56cc5e85d6a1b4a94e2b856f68c89b17e295129dd4d8c0adda4e337cbcc,readable,non_zero,2569,2,2.2,2.2.1,2.2.1,activity_image,photo_evidence,review,needs_review,low,,manual_review,
/home/rae_admin/joomla-greenoffice/joomla_data/images/Img4/context_Page_3.jpg,images/Img4/context_Page_3.jpg,context_Page_3.jpg,jpg,image/jpeg,474114,2026-03-06T20:51:11+07:00,b854913bc22bef847db42e539289820125a3e8780c8e28a6046ba3ba9122c95f,readable,non_zero,2569,2,2.2,2.2.1,2.2.1,activity_image,photo_evidence,review,needs_review,low,,manual_review,
/home/rae_admin/joomla-greenoffice/joomla_data/images/Img4/board_Page_3.jpg,images/Img4/board_Page_3.jpg,board_Page_3.jpg,jpg,image/jpeg,344810,2026-03-06T20:51:11+07:00,02a742edcdec9c97a9c63a1bca857cba0902b708f115eb2d5c184e4efd5ccb33,readable,non_zero,2569,2,2.2,2.2.1,2.2.1,activity_image,photo_evidence,review,needs_review,low,,manual_review,
/home/rae_admin/joomla-greenoffice/joomla_data/images/Img4/context_Page_4.jpg,images/Img4/context_Page_4.jpg,context_Page_4.jpg,jpg,image/jpeg,471810,2026-03-06T20:51:11+07:00,1a736af1c5b9f921687f1faaaadebc25db7f601c2d4531bcfaa20b5236c4bb8a,readable,non_zero,2569,2,2.2,2.2.1,2.2.1,activity_image,photo_evidence,review,needs_review,low,,manual_review,
/home/rae_admin/joomla-greenoffice/joomla_data/images/Img4/board_Page_6.jpg,images/Img4/board_Page_6.jpg,board_Page_6.jpg,jpg,image/jpeg,458216,2026-03-06T20:51:11+07:00,c731cd42b06cc9a1a79df130b373da3d2b50a492b6e9ed1844fab99da447307e,readable,non_zero,2569,2,2.2,2.2.1,2.2.1,activity_image,photo_evidence,review,needs_review,low,,manual_review,
/home/rae_admin/joomla-greenoffice/joomla_data/images/spsimpleportfolio/portfolio3.jpg,images/spsimpleportfolio/portfolio3.jpg,portfolio3.jpg,jpg,image/jpeg,73174,2026-01-23T00:15:26+07:00,37f5715149e201e933ee0097e601fc6a47cc2f0ea24888eb47b49499a449d43d,readable,non_zero,2569,2,2.2,2.2.1,2.2.1,public_story_asset,photo_evidence,public,needs_review,low,,manual_review,
/home/rae_admin/joomla-greenoffice/joomla_data/images/spsimpleportfolio/portfolio1.jpg,images/spsimpleportfolio/portfolio1.jpg,portfolio1.jpg,jpg,image/jpeg,112252,2026-01-23T00:15:26+07:00,28bce05ca6c5d8a2be765295d23d26e9dd3a21f3dce8c47e6699935e038928a6,readable,non_zero,2569,2,2.2,2.2.1,2.2.1,public_story_asset,photo_evidence,public,needs_review,low,,manual_review,
/home/rae_admin/joomla-greenoffice/joomla_data/images/spsimpleportfolio/portfolio2.jpg,images/spsimpleportfolio/portfolio2.jpg,portfolio2.jpg,jpg,image/jpeg,68607,2026-01-23T00:15:26+07:00,73d48d42803778986d1631fd5e1efaf2f35ffed9658cfb32218eeaf88b219f0f,readable,non_zero,2569,2,2.2,2.2.1,2.2.1,public_story_asset,photo_evidence,public,needs_review,low,,manual_review,
/home/rae_admin/joomla-greenoffice/joomla_data/images/spsimpleportfolio/portfolio8.jpg,images/spsimpleportfolio/portfolio8.jpg,portfolio8.jpg,jpg,image/jpeg,51282,2026-01-23T00:15:26+07:00,59e31dd4f01b80f703bc4620f89df50c381dc526186a9c733b3052759476146d,readable,non_zero,2569,2,2.2,2.2.1,2.2.1,public_story_asset,photo_evidence,public,needs_review,low,,manual_review,
/home/rae_admin/joomla-greenoffice/joomla_data/images/spsimpleportfolio/portfolio7.jpg,images/spsimpleportfolio/portfolio7.jpg,portfolio7.jpg,jpg,image/jpeg,65690,2026-01-23T00:15:26+07:00,a126be797d41c2cd3c3f19bc12d62d44090fb554419da30905ce65a609366cd6,readable,non_zero,2569,2,2.2,2.2.1,2.2.1,public_story_asset,photo_evidence,public,needs_review,low,,manual_review,
/home/rae_admin/joomla-greenoffice/joomla_data/images/spsimpleportfolio/portfolio5.jpg,images/spsimpleportfolio/portfolio5.jpg,portfolio5.jpg,jpg,image/jpeg,44704,2026-01-23T00:15:26+07:00,98f903507823f1730ebbab4c85cbef7ec363560640759b2c163d2323f8aedaf9,readable,non_zero,2569,2,2.2,2.2.1,2.2.1,public_story_asset,photo_evidence,public,needs_review,low,,manual_review,
/home/rae_admin/joomla-greenoffice/joomla_data/images/spsimpleportfolio/portfolio4.jpg,images/spsimpleportfolio/portfolio4.jpg,portfolio4.jpg,jpg,image/jpeg,101466,2026-01-23T00:15:26+07:00,4cbc1f0b1a8644414151cfc4a0637160d8b81c5970ed01ca391291b6d81b9dce,readable,non_zero,2569,2,2.2,2.2.1,2.2.1,public_story_asset,photo_evidence,public,needs_review,low,,manual_review,
/home/rae_admin/joomla-greenoffice/joomla_data/images/spsimpleportfolio/portfolio6.jpg,images/spsimpleportfolio/portfolio6.jpg,portfolio6.jpg,jpg,image/jpeg,79875,2026-01-23T00:15:26+07:00,8341dca617f17c7927a4feda25cfadc80eddb3babf743eb982ed2c3980095499,readable,non_zero,2569,2,2.2,2.2.1,2.2.1,public_story_asset,photo_evidence,public,needs_review,low,,manual_review,
/home/rae_admin/joomla-greenoffice/joomla_data/images/spsimpleportfolio/integrate-clicks-and-mortar-methodologies/portfolio4_600x600.jpg,images/spsimpleportfolio/integrate-clicks-and-mortar-methodologies/portfolio4_600x600.jpg,portfolio4_600x600.jpg,jpg,image/jpeg,50863,2026-01-23T00:15:26+07:00,f7825baad7b7cf2fe466920ee504c24ef5275202431e68edce14d75ff301d529,readable,non_zero,2569,2,2.2,2.2.1,2.2.1,public_story_asset,photo_evidence,public,needs_review,low,,manual_review,
/home/rae_admin/joomla-greenoffice/joomla_data/images/spsimpleportfolio/integrate-clicks-and-mortar-methodologies/portfolio4_600x800.jpg,images/spsimpleportfolio/integrate-clicks-and-mortar-methodologies/portfolio4_600x800.jpg,portfolio4_600x800.jpg,jpg,image/jpeg,70743,2026-01-23T00:15:26+07:00,e61218a6f09e2884e72f0e4b213506f1310682e2a2b52a2eb4e01e88711a12c5,readable,non_zero,2569,2,2.2,2.2.1,2.2.1,public_story_asset,photo_evidence,public,needs_review,low,,manual_review,
/home/rae_admin/joomla-greenoffice/joomla_data/images/spsimpleportfolio/integrate-clicks-and-mortar-methodologies/portfolio4_600x400.jpg,images/spsimpleportfolio/integrate-clicks-and-mortar-methodologies/portfolio4_600x400.jpg,portfolio4_600x400.jpg,jpg,image/jpeg,33247,2026-01-23T00:15:26+07:00,47bd8ee97f9cbbe73ba744fa9f27b27e5bdc8afdd475d133fa71eb85a288d8f0,readable,non_zero,2569,2,2.2,2.2.1,2.2.1,public_story_asset,photo_evidence,public,needs_review,low,,manual_review,
/home/rae_admin/joomla-greenoffice/joomla_data/images/spsimpleportfolio/architect-ubiquitous-deliverables/portfolio6_600x400.jpg,images/spsimpleportfolio/architect-ubiquitous-deliverables/portfolio6_600x400.jpg,portfolio6_600x400.jpg,jpg,image/jpeg,25003,2026-01-23T00:15:26+07:00,5382cb40961e65d1f52027334a3c16cba0b830a04474b2ba95c4d31960c0ccd5,readable,non_zero,2569,2,2.2,2.2.1,2.2.1,public_story_asset,photo_evidence,public,needs_review,low,,manual_review,
/home/rae_admin/joomla-greenoffice/joomla_data/images/spsimpleportfolio/architect-ubiquitous-deliverables/portfolio6_600x600.jpg,images/spsimpleportfolio/architect-ubiquitous-deliverables/portfolio6_600x600.jpg,portfolio6_600x600.jpg,jpg,image/jpeg,36259,2026-01-23T00:15:26+07:00,8f7ecbb391908a6d8c5e14ca761368167a8e6639bc680ef62e97ae7fa983e3e7,readable,non_zero,2569,2,2.2,2.2.1,2.2.1,public_story_asset,photo_evidence,public,needs_review,low,,manual_review,
/home/rae_admin/joomla-greenoffice/joomla_data/images/spsimpleportfolio/architect-ubiquitous-deliverables/portfolio6_600x800.jpg,images/spsimpleportfolio/architect-ubiquitous-deliverables/portfolio6_600x800.jpg,portfolio6_600x800.jpg,jpg,image/jpeg,46523,2026-01-23T00:15:26+07:00,2cbb751b619555caef428e10c6ed2cc0b76acc2306475eec5d9e8758ceb09609,readable,non_zero,2569,2,2.2,2.2.1,2.2.1,public_story_asset,photo_evidence,public,needs_review,low,,manual_review,
/home/rae_admin/joomla-greenoffice/joomla_data/images/spsimpleportfolio/streamline-customized-models/portfolio5_600x600.jpg,images/spsimpleportfolio/streamline-customized-models/portfolio5_600x600.jpg,portfolio5_600x600.jpg,jpg,image/jpeg,24647,2026-01-23T00:15:26+07:00,81c6ac910964220abc59cdbe15fc7b3162911fc0602a2d1043d833f565f0192f,readable,non_zero,2569,2,2.2,2.2.1,2.2.1,public_story_asset,photo_evidence,public,needs_review,low,,manual_review,
/home/rae_admin/joomla-greenoffice/joomla_data/images/spsimpleportfolio/streamline-customized-models/portfolio5_600x800.jpg,images/spsimpleportfolio/streamline-customized-models/portfolio5_600x800.jpg,portfolio5_600x800.jpg,jpg,image/jpeg,32524,2026-01-23T00:15:26+07:00,c77ef37daabf11195d71c65f93e3377410b08d715a1f8a75291a19dec9f63464,readable,non_zero,2569,2,2.2,2.2.1,2.2.1,public_story_asset,photo_evidence,public,needs_review,low,,manual_review,
/home/rae_admin/joomla-greenoffice/joomla_data/images/spsimpleportfolio/streamline-customized-models/portfolio5_600x400.jpg,images/spsimpleportfolio/streamline-customized-models/portfolio5_600x400.jpg,portfolio5_600x400.jpg,jpg,image/jpeg,17167,2026-01-23T00:15:26+07:00,2da1aaab1980fabce2b8b00ecad72d1159f678d1cd1126f4ccfa0e5570fe2c38,readable,non_zero,2569,2,2.2,2.2.1,2.2.1,public_story_asset,photo_evidence,public,needs_review,low,,manual_review,
/home/rae_admin/joomla-greenoffice/joomla_data/images/spsimpleportfolio/visualize-impactful-mindshare/portfolio1_600x400.jpg,images/spsimpleportfolio/visualize-impactful-mindshare/portfolio1_600x400.jpg,portfolio1_600x400.jpg,jpg,image/jpeg,36803,2026-01-23T00:15:26+07:00,ee38c7082d0fef7d1be9cca0de3ccd33b27b4aa737335d881534513bdbc61e1d,readable,non_zero,2569,2,2.2,2.2.1,2.2.1,public_story_asset,photo_evidence,public,needs_review,low,,manual_review,
/home/rae_admin/joomla-greenoffice/joomla_data/images/spsimpleportfolio/visualize-impactful-mindshare/portfolio1_600x600.jpg,images/spsimpleportfolio/visualize-impactful-mindshare/portfolio1_600x600.jpg,portfolio1_600x600.jpg,jpg,image/jpeg,55774,2026-01-23T00:15:26+07:00,2b5f7de9af13d81984c5285b30f50a91b5c036becb807b4895db8e9c6c3dbb4a,readable,non_zero,2569,2,2.2,2.2.1,2.2.1,public_story_asset,photo_evidence,public,needs_review,low,,manual_review,
/home/rae_admin/joomla-greenoffice/joomla_data/images/spsimpleportfolio/visualize-impactful-mindshare/portfolio1_600x800.jpg,images/spsimpleportfolio/visualize-impactful-mindshare/portfolio1_600x800.jpg,portfolio1_600x800.jpg,jpg,image/jpeg,71160,2026-01-23T00:15:26+07:00,c351f17cf3b049dd43eab442771b32dd5a55e16851e4d733c9587d598c26e771,readable,non_zero,2569,2,2.2,2.2.1,2.2.1,public_story_asset,photo_evidence,public,needs_review,low,,manual_review,
/home/rae_admin/joomla-greenoffice/joomla_data/images/spsimpleportfolio/matrix-holistic-deliverables/portfolio8_600x800.jpg,images/spsimpleportfolio/matrix-holistic-deliverables/portfolio8_600x800.jpg,portfolio8_600x800.jpg,jpg,image/jpeg,40233,2026-01-23T00:15:26+07:00,50ad36420ef295b5243638abc30257581f1b4f0e8bb56fdce00fb74e58c4bb74,readable,non_zero,2569,2,2.2,2.2.1,2.2.1,public_story_asset,photo_evidence,public,needs_review,low,,manual_review,
/home/rae_admin/joomla-greenoffice/joomla_data/images/spsimpleportfolio/matrix-holistic-deliverables/portfolio8_600x600.jpg,images/spsimpleportfolio/matrix-holistic-deliverables/portfolio8_600x600.jpg,portfolio8_600x600.jpg,jpg,image/jpeg,30600,2026-01-23T00:15:26+07:00,8cfe06dfd5bc01757651814d1e96e579f1c65b754e1bb8a5a3d31e3b0a319f4f,readable,non_zero,2569,2,2.2,2.2.1,2.2.1,public_story_asset,photo_evidence,public,needs_review,low,,manual_review,
/home/rae_admin/joomla-greenoffice/joomla_data/images/spsimpleportfolio/matrix-holistic-deliverables/portfolio8_600x400.jpg,images/spsimpleportfolio/matrix-holistic-deliverables/portfolio8_600x400.jpg,portfolio8_600x400.jpg,jpg,image/jpeg,20148,2026-01-23T00:15:26+07:00,f9ad883388c3d005a4f8391841e88bda644629d5869421f21d10849259c9b3c1,readable,non_zero,2569,2,2.2,2.2.1,2.2.1,public_story_asset,photo_evidence,public,needs_review,low,,manual_review,
/home/rae_admin/joomla-greenoffice/joomla_data/images/spsimpleportfolio/repurpose-viral-metrics/portfolio7_600x800.jpg,images/spsimpleportfolio/repurpose-viral-metrics/portfolio7_600x800.jpg,portfolio7_600x800.jpg,jpg,image/jpeg,36529,2026-01-23T00:15:26+07:00,910e3f3c87542f28ec82410bfd886cf26bfe5fcf7d8d5a926bbd157f54335fce,readable,non_zero,2569,2,2.2,2.2.1,2.2.1,public_story_asset,photo_evidence,public,needs_review,low,,manual_review,
/home/rae_admin/joomla-greenoffice/joomla_data/images/spsimpleportfolio/repurpose-viral-metrics/portfolio7_600x400.jpg,images/spsimpleportfolio/repurpose-viral-metrics/portfolio7_600x400.jpg,portfolio7_600x400.jpg,jpg,image/jpeg,23240,2026-01-23T00:15:26+07:00,be7e7c3b863ec565ea6f7d1c3bcd801a31a9cc55397d2015153ffae7e4a01966,readable,non_zero,2569,2,2.2,2.2.1,2.2.1,public_story_asset,photo_evidence,public,needs_review,low,,manual_review,
/home/rae_admin/joomla-greenoffice/joomla_data/images/spsimpleportfolio/repurpose-viral-metrics/portfolio7_600x600.jpg,images/spsimpleportfolio/repurpose-viral-metrics/portfolio7_600x600.jpg,portfolio7_600x600.jpg,jpg,image/jpeg,31018,2026-01-23T00:15:26+07:00,9de493fadfb5bd1452475846bb63353c0be99350f191f6e6aea2c1876b16967a,readable,non_zero,2569,2,2.2,2.2.1,2.2.1,public_story_asset,photo_evidence,public,needs_review,low,,manual_review,
/home/rae_admin/joomla-greenoffice/joomla_data/images/spsimpleportfolio/enable-value-added-convergence/portfolio2_600x600.jpg,images/spsimpleportfolio/enable-value-added-convergence/portfolio2_600x600.jpg,portfolio2_600x600.jpg,jpg,image/jpeg,31434,2026-01-23T00:15:26+07:00,48a151bc333960c989b9724ad03c8db45925eb93c2a8a12c3b309fe624436029,readable,non_zero,2569,2,2.2,2.2.1,2.2.1,public_story_asset,photo_evidence,public,needs_review,low,,manual_review,
/home/rae_admin/joomla-greenoffice/joomla_data/images/spsimpleportfolio/enable-value-added-convergence/portfolio2_600x400.jpg,images/spsimpleportfolio/enable-value-added-convergence/portfolio2_600x400.jpg,portfolio2_600x400.jpg,jpg,image/jpeg,24118,2026-01-23T00:15:26+07:00,506582200d301fa719766a1bef8df4930a7a64a92c5f50d7d238aca447e67cf9,readable,non_zero,2569,2,2.2,2.2.1,2.2.1,public_story_asset,photo_evidence,public,needs_review,low,,manual_review,
/home/rae_admin/joomla-greenoffice/joomla_data/images/spsimpleportfolio/enable-value-added-convergence/portfolio2_600x800.jpg,images/spsimpleportfolio/enable-value-added-convergence/portfolio2_600x800.jpg,portfolio2_600x800.jpg,jpg,image/jpeg,36944,2026-01-23T00:15:26+07:00,94fdeb44e70c24ae68b6858f5f3a04954aabe9bf7adaf10e1a11bf916b104d80,readable,non_zero,2569,2,2.2,2.2.1,2.2.1,public_story_asset,photo_evidence,public,needs_review,low,,manual_review,
/home/rae_admin/joomla-greenoffice/joomla_data/images/spsimpleportfolio/visualize-vertical-interfaces/portfolio3_600x600.jpg,images/spsimpleportfolio/visualize-vertical-interfaces/portfolio3_600x600.jpg,portfolio3_600x600.jpg,jpg,image/jpeg,46723,2026-01-23T00:15:26+07:00,2178704dca24812ca055c29054f9a4f9b554276bbc7c1bb34f4ca09e14f3058e,readable,non_zero,2569,2,2.2,2.2.1,2.2.1,public_story_asset,photo_evidence,public,needs_review,low,,manual_review,
/home/rae_admin/joomla-greenoffice/joomla_data/images/spsimpleportfolio/visualize-vertical-interfaces/portfolio3_600x400.jpg,images/spsimpleportfolio/visualize-vertical-interfaces/portfolio3_600x400.jpg,portfolio3_600x400.jpg,jpg,image/jpeg,27982,2026-01-23T00:15:26+07:00,a9333302fc2aee54d3d888e04a3a2fb6bb01103d40dd85d78c832892a47f5119,readable,non_zero,2569,2,2.2,2.2.1,2.2.1,public_story_asset,photo_evidence,public,needs_review,low,,manual_review,
/home/rae_admin/joomla-greenoffice/joomla_data/images/spsimpleportfolio/visualize-vertical-interfaces/portfolio3_600x800.jpg,images/spsimpleportfolio/visualize-vertical-interfaces/portfolio3_600x800.jpg,portfolio3_600x800.jpg,jpg,image/jpeg,59197,2026-01-23T00:15:26+07:00,eb74609b318f9d81d96c69cfc8e6754d94ef3f69591cd4e5ca126405151f500b,readable,non_zero,2569,2,2.2,2.2.1,2.2.1,public_story_asset,photo_evidence,public,needs_review,low,,manual_review,
/home/rae_admin/joomla-greenoffice/joomla_data/images/data/resource/resource_summary.json,images/data/resource/resource_summary.json,resource_summary.json,json,application/json,2108,2026-03-07T15:50:11+07:00,7ff98a29ecdddbd5abbb00d5395852e6fe40c261419e2618fa1bc603407e895d,readable,non_zero,2569,,,,,dashboard_source,other,internal,unmapped,low,,manual_review,
/home/rae_admin/joomla-greenoffice/joomla_data/images/sampledata/fruitshop/bananas_2.jpg,images/sampledata/fruitshop/bananas_2.jpg,bananas_2.jpg,jpg,image/jpeg,17127,2026-01-23T00:15:26+07:00,7ebc6f7cab5767d0d4b543377bec32fcb1c4b74068fe852aeea466628398d036,readable,non_zero,2569,2,2.2,2.2.1,2.2.1,activity_image,photo_evidence,review,needs_review,low,,manual_review,
/home/rae_admin/joomla-greenoffice/joomla_data/images/sampledata/fruitshop/fruits.gif,images/sampledata/fruitshop/fruits.gif,fruits.gif,gif,image/gif,2057,2026-01-23T00:15:26+07:00,0d74d1fe655959b8039663cc52d212712cf5d4a1330caf0b793d3a7074d231e8,readable,non_zero,2569,2,2.2,2.2.1,2.2.1,activity_image,photo_evidence,review,needs_review,low,,manual_review,
/home/rae_admin/joomla-greenoffice/joomla_data/images/sampledata/fruitshop/tamarind.jpg,images/sampledata/fruitshop/tamarind.jpg,tamarind.jpg,jpg,image/jpeg,31463,2026-01-23T00:15:26+07:00,0fd0643ff34ddd3f1e1f669bf70792911f408975b5a2fca540cf74986224312e,readable,non_zero,2569,2,2.2,2.2.1,2.2.1,activity_image,photo_evidence,review,needs_review,low,,manual_review,
/home/rae_admin/joomla-greenoffice/joomla_data/images/sampledata/fruitshop/apple.jpg,images/sampledata/fruitshop/apple.jpg,apple.jpg,jpg,image/jpeg,15637,2026-01-23T00:15:26+07:00,3906238c72b2cb7f71fabbc8e24c03b148e29ad0de72f62e6554c04c401655bf,readable,non_zero,2569,2,2.2,2.2.1,2.2.1,activity_image,photo_evidence,review,needs_review,low,,manual_review,
/home/rae_admin/joomla-greenoffice/joomla_data/images/sampledata/parks/banner_cradle.jpg,images/sampledata/parks/banner_cradle.jpg,banner_cradle.jpg,jpg,image/jpeg,28065,2026-01-23T00:15:26+07:00,1d5ae69ff8b1082cb95e8451218b941b2bd04baf692b587f72c8da59ffd01308,readable,non_zero,2569,2,2.2,2.2.1,2.2.1,public_story_asset,photo_evidence,public,needs_review,low,,manual_review,
/home/rae_admin/joomla-greenoffice/joomla_data/images/sampledata/parks/parks.gif,images/sampledata/parks/parks.gif,parks.gif,gif,image/gif,2069,2026-01-23T00:15:26+07:00,61e3db1d27919b03d3759383a40624b261a3d0a59ae9f1d2c0c7d0e1e5c80770,readable,non_zero,2569,2,2.2,2.2.1,2.2.1,activity_image,photo_evidence,review,needs_review,low,,manual_review,
/home/rae_admin/joomla-greenoffice/joomla_data/images/sampledata/parks/animals/800px_wobbegong.jpg,images/sampledata/parks/animals/800px_wobbegong.jpg,800px_wobbegong.jpg,jpg,image/jpeg,17040,2026-01-23T00:15:26+07:00,dfddcb131a977e33c9607597a531d9fbb07c0d64084ab990ae516b84b5d95ae0,readable,non_zero,2569,2,2.2,2.2.1,2.2.1,activity_image,photo_evidence,review,needs_review,low,,manual_review,
/home/rae_admin/joomla-greenoffice/joomla_data/images/sampledata/parks/animals/220px_spottedquoll_2005_seanmcclean.jpg,images/sampledata/parks/animals/220px_spottedquoll_2005_seanmcclean.jpg,220px_spottedquoll_2005_seanmcclean.jpg,jpg,image/jpeg,4380,2026-01-23T00:15:26+07:00,fc11121b16f8bca937dec3286d22d11649d47020126954e457ac5a50833e09b8,readable,non_zero,2569,2,2.2,2.2.1,2.2.1,activity_image,photo_evidence,review,needs_review,low,,manual_review,
/home/rae_admin/joomla-greenoffice/joomla_data/images/sampledata/parks/animals/789px_spottedquoll_2005_seanmcclean.jpg,images/sampledata/parks/animals/789px_spottedquoll_2005_seanmcclean.jpg,789px_spottedquoll_2005_seanmcclean.jpg,jpg,image/jpeg,10301,2026-01-23T00:15:26+07:00,5a871ffd60ef78b8a90cdce475529bc5eee239f15db6c6bab72ab0f6e7c26116,readable,non_zero,2569,2,2.2,2.2.1,2.2.1,activity_image,photo_evidence,review,needs_review,low,,manual_review,
/home/rae_admin/joomla-greenoffice/joomla_data/images/sampledata/parks/animals/180px_koala_ag1.jpg,images/sampledata/parks/animals/180px_koala_ag1.jpg,180px_koala_ag1.jpg,jpg,image/jpeg,4047,2026-01-23T00:15:26+07:00,2535fa62d1872d2a46e90d310768bfda4564dd4cb5d6429c13637638e6a05088,readable,non_zero,2569,2,2.2,2.2.1,2.2.1,activity_image,photo_evidence,review,needs_review,low,,manual_review,
/home/rae_admin/joomla-greenoffice/joomla_data/images/sampledata/parks/animals/200px_phyllopteryx_taeniolatus1.jpg,images/sampledata/parks/animals/200px_phyllopteryx_taeniolatus1.jpg,200px_phyllopteryx_taeniolatus1.jpg,jpg,image/jpeg,5067,2026-01-23T00:15:26+07:00,437fa3ec29d17bf1b899041d251ac4fe790aaf7cc62fdf4c96847c0b38483cdd,readable,non_zero,2569,2,2.2,2.2.1,2.2.1,activity_image,photo_evidence,review,needs_review,low,,manual_review,
/home/rae_admin/joomla-greenoffice/joomla_data/images/sampledata/parks/animals/800px_koala_ag1.jpg,images/sampledata/parks/animals/800px_koala_ag1.jpg,800px_koala_ag1.jpg,jpg,image/jpeg,11163,2026-01-23T00:15:26+07:00,f741a3306b837279c0ab4951c3a34f058600e3fcf418ca0a09b0cc10b36a868e,readable,non_zero,2569,2,2.2,2.2.1,2.2.1,activity_image,photo_evidence,review,needs_review,low,,manual_review,
/home/rae_admin/joomla-greenoffice/joomla_data/images/sampledata/parks/animals/800px_phyllopteryx_taeniolatus1.jpg,images/sampledata/parks/animals/800px_phyllopteryx_taeniolatus1.jpg,800px_phyllopteryx_taeniolatus1.jpg,jpg,image/jpeg,12388,2026-01-23T00:15:26+07:00,5c6abc1c004541e19755e4ee360155687bc76a85b09787b3ce161bef9c206392,readable,non_zero,2569,2,2.2,2.2.1,2.2.1,activity_image,photo_evidence,review,needs_review,low,,manual_review,
/home/rae_admin/joomla-greenoffice/joomla_data/images/sampledata/parks/animals/180px_wobbegong.jpg,images/sampledata/parks/animals/180px_wobbegong.jpg,180px_wobbegong.jpg,jpg,image/jpeg,4576,2026-01-23T00:15:26+07:00,74a5f38c55b203171f9827c123f96fd4540fec63c073aaf72c1230e4b73ce76c,readable,non_zero,2569,2,2.2,2.2.1,2.2.1,activity_image,photo_evidence,review,needs_review,low,,manual_review,
/home/rae_admin/joomla-greenoffice/joomla_data/images/sampledata/parks/landscape/180px_ormiston_pound.jpg,images/sampledata/parks/landscape/180px_ormiston_pound.jpg,180px_ormiston_pound.jpg,jpg,image/jpeg,988,2026-01-23T00:15:26+07:00,4dabf6146290a64b2a5752465cf2027a94d53ab824de958b5c5fd2b198d07672,readable,non_zero,2569,2,2.2,2.2.1,2.2.1,activity_image,photo_evidence,review,needs_review,low,,manual_review,
/home/rae_admin/joomla-greenoffice/joomla_data/images/sampledata/parks/landscape/727px_rainforest_bluemountainsnsw.jpg,images/sampledata/parks/landscape/727px_rainforest_bluemountainsnsw.jpg,727px_rainforest_bluemountainsnsw.jpg,jpg,image/jpeg,10813,2026-01-23T00:15:26+07:00,bf816aad9084445234eed5489b08d0887a130012988178d4424cd6af15a5561e,readable,non_zero,2569,2,2.2,2.2.1,2.2.1,activity_image,photo_evidence,review,needs_review,low,,manual_review,
/home/rae_admin/joomla-greenoffice/joomla_data/images/sampledata/parks/landscape/120px_rainforest_bluemountainsnsw.jpg,images/sampledata/parks/landscape/120px_rainforest_bluemountainsnsw.jpg,120px_rainforest_bluemountainsnsw.jpg,jpg,image/jpeg,4506,2026-01-23T00:15:26+07:00,6f1cd7ab8a44557cfbc9adfb7928bd1eade7a144f848834984ab5bd7376f396f,readable,non_zero,2569,2,2.2,2.2.1,2.2.1,activity_image,photo_evidence,review,needs_review,low,,manual_review,
/home/rae_admin/joomla-greenoffice/joomla_data/images/sampledata/parks/landscape/120px_pinnacles_western_australia.jpg,images/sampledata/parks/landscape/120px_pinnacles_western_australia.jpg,120px_pinnacles_western_australia.jpg,jpg,image/jpeg,1315,2026-01-23T00:15:26+07:00,dac6eae486859e50aee90a7486d6fb863d683730c5853428d8744f30b7a9dcf3,readable,non_zero,2569,2,2.2,2.2.1,2.2.1,activity_image,photo_evidence,review,needs_review,low,,manual_review,
/home/rae_admin/joomla-greenoffice/joomla_data/images/sampledata/parks/landscape/800px_cradle_mountain_seen_from_barn_bluff.jpg,images/sampledata/parks/landscape/800px_cradle_mountain_seen_from_barn_bluff.jpg,800px_cradle_mountain_seen_from_barn_bluff.jpg,jpg,image/jpeg,10654,2026-01-23T00:15:26+07:00,01aa7001860cc1deabce5879983b2973118d483173a2793b01310642fd1e0c0d,readable,non_zero,2569,2,2.2,2.2.1,2.2.1,activity_image,photo_evidence,review,needs_review,low,,manual_review,
/home/rae_admin/joomla-greenoffice/joomla_data/images/sampledata/parks/landscape/250px_cradle_mountain_seen_from_barn_bluff.jpg,images/sampledata/parks/landscape/250px_cradle_mountain_seen_from_barn_bluff.jpg,250px_cradle_mountain_seen_from_barn_bluff.jpg,jpg,image/jpeg,4826,2026-01-23T00:15:26+07:00,e201c81cea768a60872c898788a84d668cb19877cae2208a0f33edb7015bdec7,readable,non_zero,2569,2,2.2,2.2.1,2.2.1,activity_image,photo_evidence,review,needs_review,low,,manual_review,
/home/rae_admin/joomla-greenoffice/joomla_data/images/sampledata/parks/landscape/800px_pinnacles_western_australia.jpg,images/sampledata/parks/landscape/800px_pinnacles_western_australia.jpg,800px_pinnacles_western_australia.jpg,jpg,image/jpeg,15411,2026-01-23T00:15:26+07:00,ab36eec4786888cdba0a4a13768167b02d0ea7945abe2a30e057a7dff28cccd3,readable,non_zero,2569,2,2.2,2.2.1,2.2.1,activity_image,photo_evidence,review,needs_review,low,,manual_review,
/home/rae_admin/joomla-greenoffice/joomla_data/images/sampledata/parks/landscape/800px_ormiston_pound.jpg,images/sampledata/parks/landscape/800px_ormiston_pound.jpg,800px_ormiston_pound.jpg,jpg,image/jpeg,9029,2026-01-23T00:15:26+07:00,1c96e6d3b1ce8799525d2806a43daf6ea870041a2eaa72aa2abee183e4d9ef0a,readable,non_zero,2569,2,2.2,2.2.1,2.2.1,activity_image,photo_evidence,review,needs_review,low,,manual_review,
/home/rae_admin/joomla-greenoffice/joomla_data/images/speasyimagegallery/albums/1/images/gallery6_mini.jpg,images/speasyimagegallery/albums/1/images/gallery6_mini.jpg,gallery6_mini.jpg,jpg,image/jpeg,2131,2026-01-23T00:15:26+07:00,429e73dea233ccd316fb475111e42061ed203fbc81747c984410f6e16566fc1f,readable,non_zero,2569,2,2.2,2.2.1,2.2.1,activity_image,photo_evidence,review,needs_review,low,,manual_review,
/home/rae_admin/joomla-greenoffice/joomla_data/images/speasyimagegallery/albums/1/images/gallery2_mini.jpg,images/speasyimagegallery/albums/1/images/gallery2_mini.jpg,gallery2_mini.jpg,jpg,image/jpeg,2052,2026-01-23T00:15:26+07:00,e7b3c5a00a76ba42c4e3266c15e8dd6d669093c01cc911da4d595cd55ea28001,readable,non_zero,2569,2,2.2,2.2.1,2.2.1,activity_image,photo_evidence,review,needs_review,low,,manual_review,
/home/rae_admin/joomla-greenoffice/joomla_data/images/speasyimagegallery/albums/1/images/gallery11_mini.jpg,images/speasyimagegallery/albums/1/images/gallery11_mini.jpg,gallery11_mini.jpg,jpg,image/jpeg,2145,2026-01-23T00:15:26+07:00,b1d82397fee0f6d44b9fa53f941ab13d765ff7c17c689aa9c49d76c34a5fb639,readable,non_zero,2569,2,2.2,2.2.1,2.2.1,activity_image,photo_evidence,review,needs_review,low,,manual_review,
/home/rae_admin/joomla-greenoffice/joomla_data/images/speasyimagegallery/albums/1/images/gallery7.jpg,images/speasyimagegallery/albums/1/images/gallery7.jpg,gallery7.jpg,jpg,image/jpeg,191627,2026-01-23T00:15:26+07:00,0b00de4033d1f1261f2d381bd8e720f400a9189560cc599e47653f1b2c8f2b32,readable,non_zero,2569,2,2.2,2.2.1,2.2.1,activity_image,photo_evidence,review,needs_review,low,,manual_review,
/home/rae_admin/joomla-greenoffice/joomla_data/images/speasyimagegallery/albums/1/images/gallery11.jpg,images/speasyimagegallery/albums/1/images/gallery11.jpg,gallery11.jpg,jpg,image/jpeg,120199,2026-01-23T00:15:26+07:00,2a253aaa9ca4687250f20fa6d838855b8598b9a23ee9bc7b5fa05e30c4ee75c5,readable,non_zero,2569,2,2.2,2.2.1,2.2.1,activity_image,photo_evidence,review,needs_review,low,,manual_review,
/home/rae_admin/joomla-greenoffice/joomla_data/images/speasyimagegallery/albums/1/images/gallery3.jpg,images/speasyimagegallery/albums/1/images/gallery3.jpg,gallery3.jpg,jpg,image/jpeg,117030,2026-01-23T00:15:26+07:00,8ee19f6141653bf0035548f92196bb537de4ff2c38d03b1ab228c05c7faa70e3,readable,non_zero,2569,2,2.2,2.2.1,2.2.1,activity_image,photo_evidence,review,needs_review,low,,manual_review,
/home/rae_admin/joomla-greenoffice/joomla_data/images/speasyimagegallery/albums/1/images/gallery8.jpg,images/speasyimagegallery/albums/1/images/gallery8.jpg,gallery8.jpg,jpg,image/jpeg,156502,2026-01-23T00:15:26+07:00,f1cfdce6ff23f3cb207e8fb9fb83dcbfd5e7b688320665fac6858944d3e1da6c,readable,non_zero,2569,2,2.2,2.2.1,2.2.1,activity_image,photo_evidence,review,needs_review,low,,manual_review,
/home/rae_admin/joomla-greenoffice/joomla_data/images/speasyimagegallery/albums/1/images/gallery5_mini.jpg,images/speasyimagegallery/albums/1/images/gallery5_mini.jpg,gallery5_mini.jpg,jpg,image/jpeg,1970,2026-01-23T00:15:26+07:00,84790f62e8d6a4b5b62d8a20329ffb0b29dbbc488c62687ae56dd10a2e581703,readable,non_zero,2569,2,2.2,2.2.1,2.2.1,activity_image,photo_evidence,review,needs_review,low,,manual_review,
/home/rae_admin/joomla-greenoffice/joomla_data/images/speasyimagegallery/albums/1/images/gallery10_mini.jpg,images/speasyimagegallery/albums/1/images/gallery10_mini.jpg,gallery10_mini.jpg,jpg,image/jpeg,1532,2026-01-23T00:15:26+07:00,57e1cb99adf4c896eb3642541fa2ca8fab627dc832df7c19361d4205e3c83476,readable,non_zero,2569,2,2.2,2.2.1,2.2.1,activity_image,photo_evidence,review,needs_review,low,,manual_review,
/home/rae_admin/joomla-greenoffice/joomla_data/images/speasyimagegallery/albums/1/images/gallery5.jpg,images/speasyimagegallery/albums/1/images/gallery5.jpg,gallery5.jpg,jpg,image/jpeg,152670,2026-01-23T00:15:26+07:00,86b87f87c105b11c95cba3d410dd4331a3083a860ff1a4169835d6cf86111338,readable,non_zero,2569,2,2.2,2.2.1,2.2.1,activity_image,photo_evidence,review,needs_review,low,,manual_review,
/home/rae_admin/joomla-greenoffice/joomla_data/images/speasyimagegallery/albums/1/images/gallery4_mini.jpg,images/speasyimagegallery/albums/1/images/gallery4_mini.jpg,gallery4_mini.jpg,jpg,image/jpeg,1744,2026-01-23T00:15:26+07:00,6fc025bafca6de24493a6419b310843c0481e0c9192a01dd9af0d521f348f1ea,readable,non_zero,2569,2,2.2,2.2.1,2.2.1,activity_image,photo_evidence,review,needs_review,low,,manual_review,
/home/rae_admin/joomla-greenoffice/joomla_data/images/speasyimagegallery/albums/1/images/gallery3_mini.jpg,images/speasyimagegallery/albums/1/images/gallery3_mini.jpg,gallery3_mini.jpg,jpg,image/jpeg,2088,2026-01-23T00:15:26+07:00,72274a4b44739d57e4e09b550e58e8ba9839167730f5d82c03da8bcc1231e224,readable,non_zero,2569,2,2.2,2.2.1,2.2.1,activity_image,photo_evidence,review,needs_review,low,,manual_review,
/home/rae_admin/joomla-greenoffice/joomla_data/images/speasyimagegallery/albums/1/images/gallery9_mini.jpg,images/speasyimagegallery/albums/1/images/gallery9_mini.jpg,gallery9_mini.jpg,jpg,image/jpeg,2361,2026-01-23T00:15:26+07:00,cbd288fe85a5ae5263df84e3ce19a10a06e4f6a4fe46a33c603fcfb62105494e,readable,non_zero,2569,2,2.2,2.2.1,2.2.1,activity_image,photo_evidence,review,needs_review,low,,manual_review,
/home/rae_admin/joomla-greenoffice/joomla_data/images/speasyimagegallery/albums/1/images/gallery8_mini.jpg,images/speasyimagegallery/albums/1/images/gallery8_mini.jpg,gallery8_mini.jpg,jpg,image/jpeg,2155,2026-01-23T00:15:26+07:00,26e98b50355b12b0843b342c4a2dcc884593b721fe6af6dd479c158e8694b487,readable,non_zero,2569,2,2.2,2.2.1,2.2.1,activity_image,photo_evidence,review,needs_review,low,,manual_review,
/home/rae_admin/joomla-greenoffice/joomla_data/images/speasyimagegallery/albums/1/images/gallery10.jpg,images/speasyimagegallery/albums/1/images/gallery10.jpg,gallery10.jpg,jpg,image/jpeg,60473,2026-01-23T00:15:26+07:00,9f3956bb2dbf7cc5f951cf6014153875aec14b4ece0ae73fb3f5803d567d35fd,readable,non_zero,2569,2,2.2,2.2.1,2.2.1,activity_image,photo_evidence,review,needs_review,low,,manual_review,
/home/rae_admin/joomla-greenoffice/joomla_data/images/speasyimagegallery/albums/1/images/gallery2.jpg,images/speasyimagegallery/albums/1/images/gallery2.jpg,gallery2.jpg,jpg,image/jpeg,175817,2026-01-23T00:15:26+07:00,6e1b5fd4aafff0f45c88d6a0ff21e3470b69a5bef066eb4c5f1770a896bf00ec,readable,non_zero,2569,2,2.2,2.2.1,2.2.1,activity_image,photo_evidence,review,needs_review,low,,manual_review,
/home/rae_admin/joomla-greenoffice/joomla_data/images/speasyimagegallery/albums/1/images/gallery6.jpg,images/speasyimagegallery/albums/1/images/gallery6.jpg,gallery6.jpg,jpg,image/jpeg,108857,2026-01-23T00:15:26+07:00,ae5f47b6a1d5eaf1d6870d975762ba5feb81fea4b09a0d8924afae4ccf449ba7,readable,non_zero,2569,2,2.2,2.2.1,2.2.1,activity_image,photo_evidence,review,needs_review,low,,manual_review,
/home/rae_admin/joomla-greenoffice/joomla_data/images/speasyimagegallery/albums/1/images/gallery9.jpg,images/speasyimagegallery/albums/1/images/gallery9.jpg,gallery9.jpg,jpg,image/jpeg,203771,2026-01-23T00:15:26+07:00,f6b90469b740301b99e0fb799d7abf43df645a7e836e3edc72fc676011a12038,readable,non_zero,2569,2,2.2,2.2.1,2.2.1,activity_image,photo_evidence,review,needs_review,low,,manual_review,
/home/rae_admin/joomla-greenoffice/joomla_data/images/speasyimagegallery/albums/1/images/gallery12_mini.jpg,images/speasyimagegallery/albums/1/images/gallery12_mini.jpg,gallery12_mini.jpg,jpg,image/jpeg,1324,2026-01-23T00:15:26+07:00,cd46bb1b136b6a87baf961c81aa2a1d9d4b90aafac362a45f1fb9eade094b8cf,readable,non_zero,2569,2,2.2,2.2.1,2.2.1,activity_image,photo_evidence,review,needs_review,low,,manual_review,
/home/rae_admin/joomla-greenoffice/joomla_data/images/speasyimagegallery/albums/1/images/gallery1_mini.jpg,images/speasyimagegallery/albums/1/images/gallery1_mini.jpg,gallery1_mini.jpg,jpg,image/jpeg,2116,2026-01-23T00:15:26+07:00,439515e2e575602278755802eed98e56b3f4592926045d89dd8dbbc2b0e9a24b,readable,non_zero,2569,2,2.2,2.2.1,2.2.1,activity_image,photo_evidence,review,needs_review,low,,manual_review,
/home/rae_admin/joomla-greenoffice/joomla_data/images/speasyimagegallery/albums/1/images/gallery12.jpg,images/speasyimagegallery/albums/1/images/gallery12.jpg,gallery12.jpg,jpg,image/jpeg,41970,2026-01-23T00:15:26+07:00,f5bcce00fb13e17a92b99cf945401bdf0b6e8784ee101da68f6ad0ee67f9a19c,readable,non_zero,2569,2,2.2,2.2.1,2.2.1,activity_image,photo_evidence,review,needs_review,low,,manual_review,
/home/rae_admin/joomla-greenoffice/joomla_data/images/speasyimagegallery/albums/1/images/gallery4.jpg,images/speasyimagegallery/albums/1/images/gallery4.jpg,gallery4.jpg,jpg,image/jpeg,86609,2026-01-23T00:15:26+07:00,a9eb8b07f0de4e1da6d43b6918713adeb29fe5764c25b774358b584fc574ab8b,readable,non_zero,2569,2,2.2,2.2.1,2.2.1,activity_image,photo_evidence,review,needs_review,low,,manual_review,
/home/rae_admin/joomla-greenoffice/joomla_data/images/speasyimagegallery/albums/1/images/gallery7_mini.jpg,images/speasyimagegallery/albums/1/images/gallery7_mini.jpg,gallery7_mini.jpg,jpg,image/jpeg,2395,2026-01-23T00:15:26+07:00,767ab1793954231909e6b92edce8609104dcc29f02e080a86c04f31f291357b9,readable,non_zero,2569,2,2.2,2.2.1,2.2.1,activity_image,photo_evidence,review,needs_review,low,,manual_review,
/home/rae_admin/joomla-greenoffice/joomla_data/images/Img3/552.png,images/Img3/552.png,552.png,png,image/png,506163,2025-03-27T11:08:11+07:00,81aed15859ed03cdb6944dc75176a1a4391873556b55934b367e151e51e90da6,readable,non_zero,2568,2,2.2,2.2.1,2.2.1,activity_image,photo_evidence,review,needs_review,low,,manual_review,
/home/rae_admin/joomla-greenoffice/joomla_data/images/Img3/purchasing_Page_21.jpg,images/Img3/purchasing_Page_21.jpg,purchasing_Page_21.jpg,jpg,image/jpeg,84487,2024-06-14T16:03:42+07:00,00666937f7b78f9ab38c6702b019459a01147f3212b0cee7c7306dfeff5afbf0,readable,non_zero,2567,2,2.2,2.2.1,2.2.1,activity_image,photo_evidence,review,needs_review,low,,manual_review,
/home/rae_admin/joomla-greenoffice/joomla_data/images/Img3/Sw2.jpg,images/Img3/Sw2.jpg,Sw2.jpg,jpg,image/jpeg,530868,2024-06-24T10:03:09+07:00,fbe45a64b84656c70097a7dc91df6d5ae1cf0c8fc9162494ba2a7431b2b0d745,readable,non_zero,2567,2,2.2,2.2.1,2.2.1,activity_image,photo_evidence,review,needs_review,low,,manual_review,
/home/rae_admin/joomla-greenoffice/joomla_data/images/Img3/purchasing_Page_18.jpg,images/Img3/purchasing_Page_18.jpg,purchasing_Page_18.jpg,jpg,image/jpeg,133885,2024-06-14T16:03:42+07:00,e6e31873d7f0a2868efd7766f3e32ca791735839aad85869f66371c67cfe8ddb,readable,non_zero,2567,2,2.2,2.2.1,2.2.1,activity_image,photo_evidence,review,needs_review,low,,manual_review,
/home/rae_admin/joomla-greenoffice/joomla_data/images/Img3/Infomtion5.png,images/Img3/Infomtion5.png,Infomtion5.png,png,image/png,1154999,2024-03-05T15:33:25+07:00,e485008a4829ea61d2e3304980e8bbaab63b23253dc6b3eae284b500ea389819,readable,non_zero,2567,2,2.2,2.2.1,2.2.1,activity_image,photo_evidence,review,needs_review,low,,manual_review,
/home/rae_admin/joomla-greenoffice/joomla_data/images/Img3/purchasing_Page_24.jpg,images/Img3/purchasing_Page_24.jpg,purchasing_Page_24.jpg,jpg,image/jpeg,107963,2024-06-14T16:13:22+07:00,7104906194386bc296c1280b3a152be13df580bf412e08a175511670d640d7e8,readable,non_zero,2567,2,2.2,2.2.1,2.2.1,activity_image,photo_evidence,review,needs_review,low,,manual_review,
/home/rae_admin/joomla-greenoffice/joomla_data/images/Img3/purchasing_Page_05.jpg,images/Img3/purchasing_Page_05.jpg,purchasing_Page_05.jpg,jpg,image/jpeg,119901,2024-06-14T16:03:42+07:00,e2c9ffa636887e5a5db7031ee93f1e680b8c444b8a68d3c3219b32f82c23afe1,readable,non_zero,2567,2,2.2,2.2.1,2.2.1,activity_image,photo_evidence,review,needs_review,low,,manual_review,
/home/rae_admin/joomla-greenoffice/joomla_data/images/Img3/context2.jpg,images/Img3/context2.jpg,context2.jpg,jpg,image/jpeg,261769,2024-06-17T12:39:07+07:00,3acf8f895d0e029fb314c73b20db592324f08b26b34bab946703c16d5a25daed,readable,non_zero,2567,2,2.2,2.2.1,2.2.1,activity_image,photo_evidence,review,needs_review,low,,manual_review,
/home/rae_admin/joomla-greenoffice/joomla_data/images/Img3/sw4.jpg,images/Img3/sw4.jpg,sw4.jpg,jpg,image/jpeg,917867,2024-06-26T16:08:02+07:00,db862d48f5680709215d7499b81cd030ad3ca371abe8f0bea824d5d6a9555736,readable,non_zero,2567,2,2.2,2.2.1,2.2.1,activity_image,photo_evidence,review,needs_review,low,,manual_review,
/home/rae_admin/joomla-greenoffice/joomla_data/images/Img3/Green_house_Real_Estate_Logo_160__40px.png,images/Img3/Green_house_Real_Estate_Logo_160__40px.png,Green_house_Real_Estate_Logo_160__40px.png,png,image/png,6817,2023-07-26T16:07:37+07:00,55ede0d1b1a3908316b4be3471e4aa50c05735d22780125a455b6066630ac6b5,readable,non_zero,2566,2,2.2,2.2.1,2.2.1,activity_image,photo_evidence,review,needs_review,low,,manual_review,
/home/rae_admin/joomla-greenoffice/joomla_data/images/Img3/CoverYouTube_GreenOffice2024_650.png,images/Img3/CoverYouTube_GreenOffice2024_650.png,CoverYouTube_GreenOffice2024_650.png,png,image/png,401452,2024-07-16T11:42:07+07:00,a084f19ae70d134d3b52a0b8c998b8e43439f8b977de87b03b626ba2a90f2c19,readable,non_zero,2567,2,2.2,2.2.1,2.2.1,activity_image,photo_evidence,review,needs_review,low,,manual_review,
/home/rae_admin/joomla-greenoffice/joomla_data/images/Img3/purchasing_Page_13.jpg,images/Img3/purchasing_Page_13.jpg,purchasing_Page_13.jpg,jpg,image/jpeg,76242,2024-06-14T16:03:42+07:00,d0104713b62a99ea82f2148b88a5ffeac569d810908e89b761d0dba824ddbc67,readable,non_zero,2567,2,2.2,2.2.1,2.2.1,activity_image,photo_evidence,review,needs_review,low,,manual_review,
/home/rae_admin/joomla-greenoffice/joomla_data/images/Img3/55.png,images/Img3/55.png,55.png,png,image/png,202592,2025-03-27T10:52:43+07:00,5afeec13b81510ea512780b24f8a9f503aa34ac68c3fa5e9b0c98d51ca59a8e3,readable,non_zero,2568,2,2.2,2.2.1,2.2.1,activity_image,photo_evidence,review,needs_review,low,,manual_review,
/home/rae_admin/joomla-greenoffice/joomla_data/images/Img3/21.png,images/Img3/21.png,21.png,png,image/png,1177021,2024-05-21T14:40:34+07:00,a208443cc4fa01c7c37b838d95870908bb3c99d3425222e2234574b0a2e9d406,readable,non_zero,2567,2,2.2,2.2.1,2.2.1,activity_image,photo_evidence,review,needs_review,low,,manual_review,
/home/rae_admin/joomla-greenoffice/joomla_data/images/Img3/TargetGreenOffice-2.png,images/Img3/TargetGreenOffice-2.png,TargetGreenOffice-2.png,png,image/png,1635871,2024-05-21T16:21:40+07:00,e8f9bdfc896ac6bcfab01fb09f23670b7973424569364a8dca2eb2baef0cc18a,readable,non_zero,2567,2,2.2,2.2.1,2.2.1,activity_image,photo_evidence,review,needs_review,low,,manual_review,
/home/rae_admin/joomla-greenoffice/joomla_data/images/Img3/smoke2-2.jpg,images/Img3/smoke2-2.jpg,smoke2-2.jpg,jpg,image/jpeg,184533,2024-06-14T14:53:37+07:00,46e4d050fd4d67fd5587930c6a18bb603fc3d1c49d0e3a40c3a7dc8c685ef7ee,readable,non_zero,2567,2,2.2,2.2.1,2.2.1,activity_image,photo_evidence,review,needs_review,low,,manual_review,
/home/rae_admin/joomla-greenoffice/joomla_data/images/Img3/purchasing_Page_08.jpg,images/Img3/purchasing_Page_08.jpg,purchasing_Page_08.jpg,jpg,image/jpeg,100914,2024-06-14T16:03:42+07:00,3087b88a2f73ee2dc100347f0816b7d1fc13e7f3dac3328ccce0b9cddbd3de6e,readable,non_zero,2567,2,2.2,2.2.1,2.2.1,activity_image,photo_evidence,review,needs_review,low,,manual_review,
/home/rae_admin/joomla-greenoffice/joomla_data/images/Img3/target.png,images/Img3/target.png,target.png,png,image/png,344316,2024-05-21T15:06:51+07:00,63b9ec734b23dcab2dcd207beacbbc279ea41e6c242fbba34fb6e34e969b1a4e,readable,non_zero,2567,2,2.2,2.2.1,2.2.1,activity_image,photo_evidence,review,needs_review,low,,manual_review,
/home/rae_admin/joomla-greenoffice/joomla_data/images/Img3/22.png,images/Img3/22.png,22.png,png,image/png,1271377,2024-05-21T14:40:41+07:00,f9f5ac556035d8e6589084e22baff4d002c002c72d141bba774b7917df1adb3d,readable,non_zero,2567,2,2.2,2.2.1,2.2.1,activity_image,photo_evidence,review,needs_review,low,,manual_review,
/home/rae_admin/joomla-greenoffice/joomla_data/images/Img3/information6.jpg,images/Img3/information6.jpg,information6.jpg,jpg,image/jpeg,1002636,2024-03-05T15:33:25+07:00,12bdb64008b27a434142af6c195fa40b6cb23699c248c6b3e78cbfce45918f19,readable,non_zero,2567,2,2.2,2.2.1,2.2.1,activity_image,photo_evidence,review,needs_review,low,,manual_review,
/home/rae_admin/joomla-greenoffice/joomla_data/images/Img3/Infomtion2.png,images/Img3/Infomtion2.png,Infomtion2.png,png,image/png,841259,2024-03-05T15:33:25+07:00,cd6540f3027937b79b463f46b716441498a9e742994d92caf0642245d8ebef2d,readable,non_zero,2567,2,2.2,2.2.1,2.2.1,activity_image,photo_evidence,review,needs_review,low,,manual_review,
/home/rae_admin/joomla-greenoffice/joomla_data/images/Img3/Green_Office2567_comp_Page1.png,images/Img3/Green_Office2567_comp_Page1.png,Green_Office2567_comp_Page1.png,png,image/png,352438,2024-03-05T10:30:12+07:00,b2af82cdc479a55f9a0c534624539ab9bd2f38c7188ddf77b23ca325f1a0f7e2,readable,non_zero,2567,2,2.2,2.2.1,2.2.1,activity_image,photo_evidence,review,needs_review,low,,manual_review,
/home/rae_admin/joomla-greenoffice/joomla_data/images/Img3/0007.jpg,images/Img3/0007.jpg,0007.jpg,jpg,image/jpeg,187463,2023-08-10T13:57:14+07:00,a98d0fdf9ef760d862ce4b657f0a7256e05ee1db063f1b96c93707a4b85c6495,readable,non_zero,2566,2,2.2,2.2.1,2.2.1,activity_image,photo_evidence,review,needs_review,low,,manual_review,
/home/rae_admin/joomla-greenoffice/joomla_data/images/Img3/purchasing_Page_09.jpg,images/Img3/purchasing_Page_09.jpg,purchasing_Page_09.jpg,jpg,image/jpeg,88960,2024-06-14T16:03:42+07:00,eaf01e64d6805cc2a03bed1a214a46b33fc4aa75654031edba5f52a793f125e9,readable,non_zero,2567,2,2.2,2.2.1,2.2.1,activity_image,photo_evidence,review,needs_review,low,,manual_review,
/home/rae_admin/joomla-greenoffice/joomla_data/images/Img3/BannerFontGreen66.png,images/Img3/BannerFontGreen66.png,BannerFontGreen66.png,png,image/png,317958,2023-08-16T11:35:20+07:00,d20ed1e9da8b2cf71c4edead6f69900acf226d60e08247581a34d78becf559b5,readable,non_zero,2566,2,2.2,2.2.1,2.2.1,public_story_asset,photo_evidence,public,needs_review,low,,manual_review,
/home/rae_admin/joomla-greenoffice/joomla_data/images/Img3/purchasing_Page_33.jpg,images/Img3/purchasing_Page_33.jpg,purchasing_Page_33.jpg,jpg,image/jpeg,82917,2024-06-14T16:15:47+07:00,b85fb0dd26f0a0920f782eab7e189ce7f3bd01e04a70a3a3eadaa0ec61580ca5,readable,non_zero,2567,2,2.2,2.2.1,2.2.1,activity_image,photo_evidence,review,needs_review,low,,manual_review,
/home/rae_admin/joomla-greenoffice/joomla_data/images/Img3/BgFull2.png,images/Img3/BgFull2.png,BgFull2.png,png,image/png,176196,2023-08-10T16:30:18+07:00,af2649e242c07ec035b480232731c9256cfb3b6613a9f941c556d77994fbf160,readable,non_zero,2566,2,2.2,2.2.1,2.2.1,activity_image,photo_evidence,review,needs_review,low,,manual_review,
/home/rae_admin/joomla-greenoffice/joomla_data/images/Img3/13June2024_Page_1.png,images/Img3/13June2024_Page_1.png,13June2024_Page_1.png,png,image/png,188489,2024-06-14T14:14:58+07:00,810f2bbc5d6229f5a7364935767cbbbfa6730afd7d44e5272ccd8f6fdb510f6b,readable,non_zero,2567,2,2.2,2.2.1,2.2.1,activity_image,photo_evidence,review,needs_review,low,,manual_review,
/home/rae_admin/joomla-greenoffice/joomla_data/images/Img3/0006.jpg,images/Img3/0006.jpg,0006.jpg,jpg,image/jpeg,417736,2023-08-10T13:57:14+07:00,64c7d99665f1f7307c8ef07066ec59011118b29b91bdf5f94d4f1820c09d67d4,readable,non_zero,2566,2,2.2,2.2.1,2.2.1,activity_image,photo_evidence,review,needs_review,low,,manual_review,
/home/rae_admin/joomla-greenoffice/joomla_data/images/Img3/electoric.png,images/Img3/electoric.png,electoric.png,png,image/png,57950,2023-08-16T12:13:50+07:00,97a68cf055c5f758c8eb3a43d40b390a0ba3d394669681738dd9ba76e46e0ba4,readable,non_zero,2566,2,2.2,2.2.1,2.2.1,activity_image,photo_evidence,review,needs_review,low,,manual_review,
/home/rae_admin/joomla-greenoffice/joomla_data/images/Img3/context4.jpg,images/Img3/context4.jpg,context4.jpg,jpg,image/jpeg,172310,2024-06-17T12:39:07+07:00,8c18ba38b0f38f101b1e0e9efa7c90b87ee3b04f0e0af3fec86ec2da8c882086,readable,non_zero,2567,2,2.2,2.2.1,2.2.1,activity_image,photo_evidence,review,needs_review,low,,manual_review,
/home/rae_admin/joomla-greenoffice/joomla_data/images/Img3/context8.jpg,images/Img3/context8.jpg,context8.jpg,jpg,image/jpeg,189232,2024-06-17T12:39:07+07:00,077869a1bc1660062e0d4360941a76db7357cf16f4b80434b8470c1cbf8bfac5,readable,non_zero,2567,2,2.2,2.2.1,2.2.1,activity_image,photo_evidence,review,needs_review,low,,manual_review,
/home/rae_admin/joomla-greenoffice/joomla_data/images/Img3/purchasing_Page_02.jpg,images/Img3/purchasing_Page_02.jpg,purchasing_Page_02.jpg,jpg,image/jpeg,63902,2024-06-14T15:30:38+07:00,163040d1fdfc43f98f2fefc3289a747faec8ce330f7b8cd9024a5ddb9175c04b,readable,non_zero,2567,2,2.2,2.2.1,2.2.1,activity_image,photo_evidence,review,needs_review,low,,manual_review,
/home/rae_admin/joomla-greenoffice/joomla_data/images/Img3/2.png,images/Img3/2.png,2.png,png,image/png,1612344,2024-02-14T14:04:18+07:00,1612ba866503027165a87cb1a8a2d311fcf144fccf6aed176624a53d6b493544,readable,non_zero,2567,2,2.2,2.2.1,2.2.1,activity_image,photo_evidence,review,needs_review,low,,manual_review,
/home/rae_admin/joomla-greenoffice/joomla_data/images/Img3/purchasing_Page_03.jpg,images/Img3/purchasing_Page_03.jpg,purchasing_Page_03.jpg,jpg,image/jpeg,101421,2024-06-14T16:03:42+07:00,3c5db08253b0181fe9821a0b0fb1168324833469cf226b497e276b8913172b24,readable,non_zero,2567,2,2.2,2.2.1,2.2.1,activity_image,photo_evidence,review,needs_review,low,,manual_review,
/home/rae_admin/joomla-greenoffice/joomla_data/images/Img3/purchasing_Page_32.jpg,images/Img3/purchasing_Page_32.jpg,purchasing_Page_32.jpg,jpg,image/jpeg,75921,2024-06-14T16:15:47+07:00,ae453f2ef0cf94d622d00517380f91deeb9c727a1c3a4a9af7fe6d9e2dbdf191,readable,non_zero,2567,2,2.2,2.2.1,2.2.1,activity_image,photo_evidence,review,needs_review,low,,manual_review,
/home/rae_admin/joomla-greenoffice/joomla_data/images/Img3/purchasing_Page_11.jpg,images/Img3/purchasing_Page_11.jpg,purchasing_Page_11.jpg,jpg,image/jpeg,80603,2024-06-14T16:03:42+07:00,c146d274f1f14514d5c9abf0f4f2603b0c4c0d2c474d02768d425d20105e8c7c,readable,non_zero,2567,2,2.2,2.2.1,2.2.1,activity_image,photo_evidence,review,needs_review,low,,manual_review,
/home/rae_admin/joomla-greenoffice/joomla_data/images/Img3/27.png,images/Img3/27.png,27.png,png,image/png,282635,2024-05-21T15:16:13+07:00,216d6d91326fe78e2d3b4b75f06633ed3d419064ad03b8402fdc7bc1cd6025d2,readable,non_zero,2567,2,2.2,2.2.1,2.2.1,activity_image,photo_evidence,review,needs_review,low,,manual_review,
/home/rae_admin/joomla-greenoffice/joomla_data/images/Img3/GreenBan2.png,images/Img3/GreenBan2.png,GreenBan2.png,png,image/png,765158,2023-11-28T14:39:12+07:00,ab5c3af6fa92442befeed991d0b205f76a355957ae2bafc0e9ba7fa4c53a51f7,readable,non_zero,2566,2,2.2,2.2.1,2.2.1,activity_image,photo_evidence,review,needs_review,low,,manual_review,
/home/rae_admin/joomla-greenoffice/joomla_data/images/Img3/00002.jpg,images/Img3/00002.jpg,00002.jpg,jpg,image/jpeg,466599,2023-08-10T13:57:14+07:00,8c4a878e458eb56562da5f4c250d815882b3eb818b5b57c4f6c0692bb2c7cbbb,readable,non_zero,2566,2,2.2,2.2.1,2.2.1,activity_image,photo_evidence,review,needs_review,low,,manual_review,
/home/rae_admin/joomla-greenoffice/joomla_data/images/Img3/purchasing_Page_12.jpg,images/Img3/purchasing_Page_12.jpg,purchasing_Page_12.jpg,jpg,image/jpeg,110511,2024-06-14T16:03:42+07:00,eb5c90202f8a2e8abb20b720f6fb8306f7e3fef83367daed1ba61c64941b488c,readable,non_zero,2567,2,2.2,2.2.1,2.2.1,activity_image,photo_evidence,review,needs_review,low,,manual_review,
/home/rae_admin/joomla-greenoffice/joomla_data/images/Img3/23.png,images/Img3/23.png,23.png,png,image/png,1263521,2024-05-21T14:40:51+07:00,c1fac214d0261f56b0e291ba6d1700b74845b082f8cdad05c1861276ad7fcdeb,readable,non_zero,2567,2,2.2,2.2.1,2.2.1,activity_image,photo_evidence,review,needs_review,low,,manual_review,
/home/rae_admin/joomla-greenoffice/joomla_data/images/Img3/fullscreen_image3.jpg,images/Img3/fullscreen_image3.jpg,fullscreen_image3.jpg,jpg,image/jpeg,1013911,2023-08-10T15:16:36+07:00,5d8b91637c5ad81351482718281a0e9dbdd87baa3a6b743ba6ff06bd51abc400,readable,non_zero,2566,2,2.2,2.2.1,2.2.1,activity_image,photo_evidence,review,needs_review,low,,manual_review,
/home/rae_admin/joomla-greenoffice/joomla_data/images/Img3/purchasing_Page_28.jpg,images/Img3/purchasing_Page_28.jpg,purchasing_Page_28.jpg,jpg,image/jpeg,125921,2024-06-14T16:13:22+07:00,1f765a7aeb42c9edb486f031fda8f74a04a59ee9b2bf041195de01cec12cdfe8,readable,non_zero,2567,2,2.2,2.2.1,2.2.1,activity_image,photo_evidence,review,needs_review,low,,manual_review,
/home/rae_admin/joomla-greenoffice/joomla_data/images/Img3/context7.jpg,images/Img3/context7.jpg,context7.jpg,jpg,image/jpeg,136042,2024-06-17T12:39:07+07:00,7b98cd1b9189a594d7e06d3960bb561dc3c29b90ed610f02c3dfebd0cbefa9ed,readable,non_zero,2567,2,2.2,2.2.1,2.2.1,activity_image,photo_evidence,review,needs_review,low,,manual_review,
/home/rae_admin/joomla-greenoffice/joomla_data/images/Img3/smokeLogo.png,images/Img3/smokeLogo.png,smokeLogo.png,png,image/png,8434,2024-06-14T15:00:05+07:00,9354b507687239b10e45fd930ac0e9e6ad5f05182c94c844f5f6eb52057cbf44,readable,non_zero,2567,2,2.2,2.2.1,2.2.1,activity_image,photo_evidence,review,needs_review,low,,manual_review,
/home/rae_admin/joomla-greenoffice/joomla_data/images/Img3/Sw1.jpg,images/Img3/Sw1.jpg,Sw1.jpg,jpg,image/jpeg,645047,2024-06-24T10:03:09+07:00,b8a86c23aad3c37cd7937f382a98cceaf41d323d8743294fc8a3888067ab525d,readable,non_zero,2567,2,2.2,2.2.1,2.2.1,activity_image,photo_evidence,review,needs_review,low,,manual_review,
/home/rae_admin/joomla-greenoffice/joomla_data/images/Img3/gassolean.png,images/Img3/gassolean.png,gassolean.png,png,image/png,58129,2023-08-16T12:13:50+07:00,49c67a020699e9c85fbc7ba64e7e84271d1fb175706ef96f52c18689f9fb690e,readable,non_zero,2566,2,2.2,2.2.1,2.2.1,activity_image,photo_evidence,review,needs_review,low,,manual_review,
/home/rae_admin/joomla-greenoffice/joomla_data/images/Img3/Infomtion3.png,images/Img3/Infomtion3.png,Infomtion3.png,png,image/png,1410025,2024-03-05T15:33:25+07:00,50486ee9a32074518127e2da23ed919d7a390502ec6cef40de0443ebdcd6a82b,readable,non_zero,2567,2,2.2,2.2.1,2.2.1,activity_image,photo_evidence,review,needs_review,low,,manual_review,
/home/rae_admin/joomla-greenoffice/joomla_data/images/Img3/context1.jpg,images/Img3/context1.jpg,context1.jpg,jpg,image/jpeg,71852,2024-06-17T12:39:07+07:00,d8055382a3986f521d7ee614b47a14c9c0c57d69f2eb26a025fe950aec6b496d,readable,non_zero,2567,2,2.2,2.2.1,2.2.1,activity_image,photo_evidence,review,needs_review,low,,manual_review,
/home/rae_admin/joomla-greenoffice/joomla_data/images/Img3/Infomtion1.png,images/Img3/Infomtion1.png,Infomtion1.png,png,image/png,963493,2024-03-05T15:33:25+07:00,931439eefb91974e849848fcb67404248578ac388aa762e377570892bb10d1af,readable,non_zero,2567,2,2.2,2.2.1,2.2.1,activity_image,photo_evidence,review,needs_review,low,,manual_review,
/home/rae_admin/joomla-greenoffice/joomla_data/images/Img3/00001.jpg,images/Img3/00001.jpg,00001.jpg,jpg,image/jpeg,458793,2023-08-10T13:57:14+07:00,7927daaa64681d3091495d322faae106db007159e06110ecd22033cad11c2eb8,readable,non_zero,2566,2,2.2,2.2.1,2.2.1,activity_image,photo_evidence,review,needs_review,low,,manual_review,
/home/rae_admin/joomla-greenoffice/joomla_data/images/Img3/reuses.png,images/Img3/reuses.png,reuses.png,png,image/png,39613,2023-08-16T12:13:50+07:00,600fd00631561597d3c0974bfab394c49259a4f0ad0aada6817a4d64e52db789,readable,non_zero,2566,2,2.2,2.2.1,2.2.1,activity_image,photo_evidence,review,needs_review,low,,manual_review,
/home/rae_admin/joomla-greenoffice/joomla_data/images/Img3/purchasing_Page_16.jpg,images/Img3/purchasing_Page_16.jpg,purchasing_Page_16.jpg,jpg,image/jpeg,109562,2024-06-14T16:03:42+07:00,bd1925f3f5fdb63e97f40147df981ff62973ac9cf617dcaacd528fa06a8d7840,readable,non_zero,2567,2,2.2,2.2.1,2.2.1,activity_image,photo_evidence,review,needs_review,low,,manual_review,
/home/rae_admin/joomla-greenoffice/joomla_data/images/Img3/purchasing_Page_23.jpg,images/Img3/purchasing_Page_23.jpg,purchasing_Page_23.jpg,jpg,image/jpeg,74964,2024-06-14T16:13:22+07:00,e1a04f0eb13fe26d268f3ab4c594bd6e5ee3aa0b969d395c3aaf61f177f56b30,readable,non_zero,2567,2,2.2,2.2.1,2.2.1,activity_image,photo_evidence,review,needs_review,low,,manual_review,
/home/rae_admin/joomla-greenoffice/joomla_data/images/Img3/smoke1-1.jpg,images/Img3/smoke1-1.jpg,smoke1-1.jpg,jpg,image/jpeg,184942,2024-06-14T14:53:37+07:00,2df16b5b4431bb68d8c16e2b678210b2ab7951f6c93e4b3239ace57a891a9ea0,readable,non_zero,2567,2,2.2,2.2.1,2.2.1,activity_image,photo_evidence,review,needs_review,low,,manual_review,
/home/rae_admin/joomla-greenoffice/joomla_data/images/Img3/Sw3.jpg,images/Img3/Sw3.jpg,Sw3.jpg,jpg,image/jpeg,592073,2024-06-24T10:03:09+07:00,a7798e6be8b439fb2ae767ae618994e22f000632f5b8482b042f0864cf7ba1fa,readable,non_zero,2567,2,2.2,2.2.1,2.2.1,activity_image,photo_evidence,review,needs_review,low,,manual_review,
/home/rae_admin/joomla-greenoffice/joomla_data/images/Img3/Yu3.png,images/Img3/Yu3.png,Yu3.png,png,image/png,34785,2024-02-14T14:10:44+07:00,4c99c8be0120aa9cad9822e921e48bcc6d0708e1d346afe9bef8c46079347c80,readable,non_zero,2567,2,2.2,2.2.1,2.2.1,activity_image,photo_evidence,review,needs_review,low,,manual_review,
/home/rae_admin/joomla-greenoffice/joomla_data/images/Img3/purchasing_Page_27.jpg,images/Img3/purchasing_Page_27.jpg,purchasing_Page_27.jpg,jpg,image/jpeg,129942,2024-06-14T16:13:22+07:00,323ddda4eb53110fef329d8de2ed916c4caa12a28d59248527fe560096df930a,readable,non_zero,2567,2,2.2,2.2.1,2.2.1,activity_image,photo_evidence,review,needs_review,low,,manual_review,
/home/rae_admin/joomla-greenoffice/joomla_data/images/Img3/TargetGreenOffice.png,images/Img3/TargetGreenOffice.png,TargetGreenOffice.png,png,image/png,1647108,2024-05-21T15:46:49+07:00,fd8a79b99e8a2ad9ab67d8c92be90acf36a295fac438c7f4b1208a1b4f15cddb,readable,non_zero,2567,2,2.2,2.2.1,2.2.1,activity_image,photo_evidence,review,needs_review,low,,manual_review,
/home/rae_admin/joomla-greenoffice/joomla_data/images/Img3/GreenOfficeLogo2023.png,images/Img3/GreenOfficeLogo2023.png,GreenOfficeLogo2023.png,png,image/png,39850,2024-01-23T14:37:20+07:00,2770c2aed17d727cff438996d5f98eef4e056ceb188c9ed17aee4ba464f980e6,readable,non_zero,2566,2,2.2,2.2.1,2.2.1,activity_image,photo_evidence,review,needs_review,low,,manual_review,
/home/rae_admin/joomla-greenoffice/joomla_data/images/Img3/purchasing_Page_30.jpg,images/Img3/purchasing_Page_30.jpg,purchasing_Page_30.jpg,jpg,image/jpeg,120432,2024-06-14T16:13:22+07:00,99b0235f25835fd2471186b6a14b317982bb0fde296d186fd904fb3c19d87fc7,readable,non_zero,2567,2,2.2,2.2.1,2.2.1,activity_image,photo_evidence,review,needs_review,low,,manual_review,
/home/rae_admin/joomla-greenoffice/joomla_data/images/Img3/worldenvironment.png,images/Img3/worldenvironment.png,worldenvironment.png,png,image/png,889911,2023-08-24T10:10:26+07:00,92cbb90e271af72ec6926f897b3506322f4f601e8f96e53dfa17c1505e521f87,readable,non_zero,2566,2,2.2,2.2.1,2.2.1,activity_image,photo_evidence,review,needs_review,low,,manual_review,
/home/rae_admin/joomla-greenoffice/joomla_data/images/Img3/purchasing_Page_34.jpg,images/Img3/purchasing_Page_34.jpg,purchasing_Page_34.jpg,jpg,image/jpeg,68321,2024-06-14T16:15:47+07:00,659eb05d2be5fffed56d7ea448a50e320d632472cf9996c669c9707a0735e4a9,readable,non_zero,2567,2,2.2,2.2.1,2.2.1,activity_image,photo_evidence,review,needs_review,low,,manual_review,
/home/rae_admin/joomla-greenoffice/joomla_data/images/Img3/logogreen4.png,images/Img3/logogreen4.png,logogreen4.png,png,image/png,4123,2023-08-10T15:24:20+07:00,1ab30cfaaf864f82555ed78bcb7a4ff5a8c0395d1599948621a37eaad96ab0db,readable,non_zero,2566,2,2.2,2.2.1,2.2.1,activity_image,photo_evidence,review,needs_review,low,,manual_review,
/home/rae_admin/joomla-greenoffice/joomla_data/images/Img3/0004.jpg,images/Img3/0004.jpg,0004.jpg,jpg,image/jpeg,439479,2023-08-10T13:57:14+07:00,77dfffcb390ce5cbcc9105f6e76bba5135bf75e99a268d5855031acd046072aa,readable,non_zero,2566,2,2.2,2.2.1,2.2.1,activity_image,photo_evidence,review,needs_review,low,,manual_review,
/home/rae_admin/joomla-greenoffice/joomla_data/images/Img3/purchasing_Page_14.jpg,images/Img3/purchasing_Page_14.jpg,purchasing_Page_14.jpg,jpg,image/jpeg,128134,2024-06-14T16:03:42+07:00,470abef4679a67c63c31c3dc1426765f989ab6cb0f2c4bd2a4a05d221d5b1df2,readable,non_zero,2567,2,2.2,2.2.1,2.2.1,activity_image,photo_evidence,review,needs_review,low,,manual_review,
/home/rae_admin/joomla-greenoffice/joomla_data/images/Img3/logogreen3.png,images/Img3/logogreen3.png,logogreen3.png,png,image/png,6302,2023-08-10T15:13:01+07:00,c8e0d335c6dbe716029dd43283aa0c57190b15b90b5e375f57b92b6cadde74fd,readable,non_zero,2566,2,2.2,2.2.1,2.2.1,activity_image,photo_evidence,review,needs_review,low,,manual_review,
/home/rae_admin/joomla-greenoffice/joomla_data/images/Img3/purchasing_Page_31.jpg,images/Img3/purchasing_Page_31.jpg,purchasing_Page_31.jpg,jpg,image/jpeg,87755,2024-06-14T16:15:47+07:00,80159283a2598f071d421392c05e61cb6442cb41b504cb25acf3c7aa041ec8ec,readable,non_zero,2567,2,2.2,2.2.1,2.2.1,activity_image,photo_evidence,review,needs_review,low,,manual_review,
/home/rae_admin/joomla-greenoffice/joomla_data/images/Img3/Green_Office2567_comp_Page6.png,images/Img3/Green_Office2567_comp_Page6.png,Green_Office2567_comp_Page6.png,png,image/png,195906,2024-03-05T10:30:27+07:00,a06904d38d6d0d8cf6eeb434e9f8f12473537ee2d8f54a98b41fad2ad97cef41,readable,non_zero,2567,2,2.2,2.2.1,2.2.1,activity_image,photo_evidence,review,needs_review,low,,manual_review,
/home/rae_admin/joomla-greenoffice/joomla_data/images/Img3/purchasing_Page_25.jpg,images/Img3/purchasing_Page_25.jpg,purchasing_Page_25.jpg,jpg,image/jpeg,120326,2024-06-14T16:13:22+07:00,d8f2a223a5b0144f36a779647ca0a9dbd15fc7b021705288e703c4342c85682f,readable,non_zero,2567,2,2.2,2.2.1,2.2.1,activity_image,photo_evidence,review,needs_review,low,,manual_review,
/home/rae_admin/joomla-greenoffice/joomla_data/images/Img3/BigCleaningday2023-pok.png,images/Img3/BigCleaningday2023-pok.png,BigCleaningday2023-pok.png,png,image/png,1249077,2024-02-15T10:37:06+07:00,b144f56c98132642f72224f13e6775daefcd670968fa3775d18d72e30b5e662a,readable,non_zero,2566,2,2.2,2.2.1,2.2.1,activity_image,photo_evidence,review,needs_review,low,,manual_review,
/home/rae_admin/joomla-greenoffice/joomla_data/images/Img3/context5.jpg,images/Img3/context5.jpg,context5.jpg,jpg,image/jpeg,420895,2024-06-17T12:39:07+07:00,1456b0d6546696baace321802a9abbc9782c6b67a5db6933975fc7445373ceb8,readable,non_zero,2567,2,2.2,2.2.1,2.2.1,activity_image,photo_evidence,review,needs_review,low,,manual_review,
/home/rae_admin/joomla-greenoffice/joomla_data/images/Img3/5S-3.png,images/Img3/5S-3.png,5S-3.png,png,image/png,172355,2024-06-24T13:18:42+07:00,07c4b9eba763b60b06ab0d7f3725745585c1e6491353e896534bdbb971d0b2ed,readable,non_zero,2567,2,2.2,2.2.1,2.2.1,activity_image,photo_evidence,review,needs_review,low,,manual_review,
/home/rae_admin/joomla-greenoffice/joomla_data/images/Img3/context6.jpg,images/Img3/context6.jpg,context6.jpg,jpg,image/jpeg,246203,2024-06-17T12:39:07+07:00,678e66d407615bf4326109b92c3b0570908e1c1b0355f903c8d309ddb2ba15c0,readable,non_zero,2567,2,2.2,2.2.1,2.2.1,activity_image,photo_evidence,review,needs_review,low,,manual_review,
/home/rae_admin/joomla-greenoffice/joomla_data/images/Img3/0003.jpg,images/Img3/0003.jpg,0003.jpg,jpg,image/jpeg,436737,2023-08-10T13:57:14+07:00,41620059429040a4572fcb729d37373eb9f8414fbda4433bdecf94455bdf249f,readable,non_zero,2566,2,2.2,2.2.1,2.2.1,activity_image,photo_evidence,review,needs_review,low,,manual_review,
/home/rae_admin/joomla-greenoffice/joomla_data/images/Img3/13June2024_Page_2.png,images/Img3/13June2024_Page_2.png,13June2024_Page_2.png,png,image/png,40869,2024-06-14T14:14:58+07:00,b1e7ca04eeb13467bde40ab0e7a86d6ac326870673deee374623d47829e7ecb0,readable,non_zero,2567,2,2.2,2.2.1,2.2.1,activity_image,photo_evidence,review,needs_review,low,,manual_review,
/home/rae_admin/joomla-greenoffice/joomla_data/images/Img3/3.png,images/Img3/3.png,3.png,png,image/png,1107892,2024-02-14T14:04:18+07:00,6f2ea54cbde3093491ad9da90db78c4da994abfe1216d57b1cb31be60d7141e9,readable,non_zero,2567,2,2.2,2.2.1,2.2.1,activity_image,photo_evidence,review,needs_review,low,,manual_review,
/home/rae_admin/joomla-greenoffice/joomla_data/images/Img3/purchasing_Page_19.jpg,images/Img3/purchasing_Page_19.jpg,purchasing_Page_19.jpg,jpg,image/jpeg,91928,2024-06-14T16:03:42+07:00,b17f429c362adc1cd9f4218fd8e78628df1a76da6cf1ea8c05e63348a502948d,readable,non_zero,2567,2,2.2,2.2.1,2.2.1,activity_image,photo_evidence,review,needs_review,low,,manual_review,
/home/rae_admin/joomla-greenoffice/joomla_data/images/Img3/AuditGreen2025.png,images/Img3/AuditGreen2025.png,AuditGreen2025.png,png,image/png,388711,2026-02-06T11:10:01+07:00,3ccbb56cb74001ef954a8b44b982bd9dd69bb678d1849ca34de1cb1bc839f2d8,readable,non_zero,2568,2,2.2,2.2.1,2.2.1,activity_image,photo_evidence,review,needs_review,low,,manual_review,
/home/rae_admin/joomla-greenoffice/joomla_data/images/Img3/Green_Office2567_comp_Page5.png,images/Img3/Green_Office2567_comp_Page5.png,Green_Office2567_comp_Page5.png,png,image/png,355293,2024-03-05T10:30:27+07:00,c0babb1fe046c5850cf714a49e63deca37874249da172532e4b8012de456801b,readable,non_zero,2567,2,2.2,2.2.1,2.2.1,activity_image,photo_evidence,review,needs_review,low,,manual_review,
/home/rae_admin/joomla-greenoffice/joomla_data/images/Img3/Green_Office2567_comp_Page2.png,images/Img3/Green_Office2567_comp_Page2.png,Green_Office2567_comp_Page2.png,png,image/png,365308,2024-03-05T10:30:12+07:00,fb6ea47431411b5a962817e91dec3fc774ccbb73ebb286e55bcc452f64071975,readable,non_zero,2567,2,2.2,2.2.1,2.2.1,activity_image,photo_evidence,review,needs_review,low,,manual_review,
/home/rae_admin/joomla-greenoffice/joomla_data/images/Img3/5s1.png,images/Img3/5s1.png,5s1.png,png,image/png,1888740,2024-06-24T13:30:41+07:00,68502031e45a8e66b492ae9f9acbb3b39616f6ec4bc1403a46109d3c918276b2,readable,non_zero,2567,2,2.2,2.2.1,2.2.1,activity_image,photo_evidence,review,needs_review,low,,manual_review,
/home/rae_admin/joomla-greenoffice/joomla_data/images/Img3/logogreen2.png,images/Img3/logogreen2.png,logogreen2.png,png,image/png,19265,2023-08-10T15:09:58+07:00,50a61f4ab5f2f3e726287106b40b8269e1ce501d4385dc6db57fb37d777bdbad,readable,non_zero,2566,2,2.2,2.2.1,2.2.1,activity_image,photo_evidence,review,needs_review,low,,manual_review,
/home/rae_admin/joomla-greenoffice/joomla_data/images/Img3/GreenOfficeLogo.png,images/Img3/GreenOfficeLogo.png,GreenOfficeLogo.png,png,image/png,10193,2023-05-24T11:54:34+07:00,a5ac37531ae400ab3d4dcc4f252dd03104434befce31dfd9990e90a2373986c2,readable,non_zero,2566,2,2.2,2.2.1,2.2.1,activity_image,photo_evidence,review,needs_review,low,,manual_review,
/home/rae_admin/joomla-greenoffice/joomla_data/images/Img3/26.png,images/Img3/26.png,26.png,png,image/png,925116,2024-05-21T15:16:01+07:00,f99411bee8684ee9102be201388a39bc4fb5ee5521a06f9902d74d01c462ca5c,readable,non_zero,2567,2,2.2,2.2.1,2.2.1,activity_image,photo_evidence,review,needs_review,low,,manual_review,
/home/rae_admin/joomla-greenoffice/joomla_data/images/Img3/purchasing_Page_01.jpg,images/Img3/purchasing_Page_01.jpg,purchasing_Page_01.jpg,jpg,image/jpeg,40832,2024-06-14T15:30:38+07:00,56bd0be4b59f31699aefdf205f726a080ead10e4bd27768eecb035336422006e,readable,non_zero,2567,2,2.2,2.2.1,2.2.1,activity_image,photo_evidence,review,needs_review,low,,manual_review,
/home/rae_admin/joomla-greenoffice/joomla_data/images/Img3/purchasing_Page_10.jpg,images/Img3/purchasing_Page_10.jpg,purchasing_Page_10.jpg,jpg,image/jpeg,114140,2024-06-14T16:03:42+07:00,3ff31b6e779c7df32f131da5d912c61881ebd7b052cdef686900c847d7e6bf46,readable,non_zero,2567,2,2.2,2.2.1,2.2.1,activity_image,photo_evidence,review,needs_review,low,,manual_review,
/home/rae_admin/joomla-greenoffice/joomla_data/images/Img3/context3.jpg,images/Img3/context3.jpg,context3.jpg,jpg,image/jpeg,434553,2024-06-17T12:39:07+07:00,134294bd71501a0b13d1980b1ad6e2f08fdc556d804aeed17304f7c25ab92e2f,readable,non_zero,2567,2,2.2,2.2.1,2.2.1,activity_image,photo_evidence,review,needs_review,low,,manual_review,
/home/rae_admin/joomla-greenoffice/joomla_data/images/Img3/purchasing_Page_17.jpg,images/Img3/purchasing_Page_17.jpg,purchasing_Page_17.jpg,jpg,image/jpeg,86881,2024-06-14T16:03:42+07:00,a7e1bebc0ac5c874992d6ef34a3d8d1b94fefda11cc971a0f5f6486a83d991a2,readable,non_zero,2567,2,2.2,2.2.1,2.2.1,activity_image,photo_evidence,review,needs_review,low,,manual_review,
/home/rae_admin/joomla-greenoffice/joomla_data/images/Img3/purchasing_Page_36.jpg,images/Img3/purchasing_Page_36.jpg,purchasing_Page_36.jpg,jpg,image/jpeg,90085,2024-06-14T16:15:47+07:00,2d4da4a6287362d7ffd180cc43e075afbe598c782e37ceb205a87890a9e5ca41,readable,non_zero,2567,2,2.2,2.2.1,2.2.1,activity_image,photo_evidence,review,needs_review,low,,manual_review,
/home/rae_admin/joomla-greenoffice/joomla_data/images/Img3/sw5.jpg,images/Img3/sw5.jpg,sw5.jpg,jpg,image/jpeg,51198,2024-06-26T16:12:31+07:00,ad9b1d3170ad3d0515f2863f430019b40968e7f17ae9741a4fb9fe346ce28a32,readable,non_zero,2567,2,2.2,2.2.1,2.2.1,activity_image,photo_evidence,review,needs_review,low,,manual_review,
/home/rae_admin/joomla-greenoffice/joomla_data/images/Img3/GreenOfficeLogo2.png,images/Img3/GreenOfficeLogo2.png,GreenOfficeLogo2.png,png,image/png,11014,2023-05-24T11:59:53+07:00,b53f77dc78dce4032a2594a5e85f2cdac031e9d2bb0879142d17105f7a141e6c,readable,non_zero,2566,2,2.2,2.2.1,2.2.1,activity_image,photo_evidence,review,needs_review,low,,manual_review,
/home/rae_admin/joomla-greenoffice/joomla_data/images/Img3/Swite.png,images/Img3/Swite.png,Swite.png,png,image/png,2110443,2024-06-24T10:03:09+07:00,9db3bfb7c2aa642393ae422ce9dae7afaef3f292d7f87a04ac4c917539833fc3,readable,non_zero,2567,2,2.2,2.2.1,2.2.1,activity_image,photo_evidence,review,needs_review,low,,manual_review,
/home/rae_admin/joomla-greenoffice/joomla_data/images/Img3/Daco_4388580.png,images/Img3/Daco_4388580.png,Daco_4388580.png,png,image/png,120361,2023-08-24T14:24:28+07:00,51020e99901d2cecb9d202208aae8001396a254c7eaf85f42c8d47dc88f3adca,readable,non_zero,2566,2,2.2,2.2.1,2.2.1,activity_image,photo_evidence,review,needs_review,low,,manual_review,
/home/rae_admin/joomla-greenoffice/joomla_data/images/Img3/Green_Banner2.png,images/Img3/Green_Banner2.png,Green_Banner2.png,png,image/png,326397,2025-10-20T11:50:58+07:00,1e4907b927460ef36d5980ce6e9fa013e8da2591bef61e888c6b82153583dd28,readable,non_zero,2568,2,2.2,2.2.1,2.2.1,public_story_asset,photo_evidence,public,needs_review,low,,manual_review,
/home/rae_admin/joomla-greenoffice/joomla_data/images/Img3/purchasing_Page_06.jpg,images/Img3/purchasing_Page_06.jpg,purchasing_Page_06.jpg,jpg,image/jpeg,124797,2024-06-14T16:03:42+07:00,abb57ccd30626366421ce13bf98e061f366020eef57aa43465da589de951233c,readable,non_zero,2567,2,2.2,2.2.1,2.2.1,activity_image,photo_evidence,review,needs_review,low,,manual_review,
/home/rae_admin/joomla-greenoffice/joomla_data/images/Img3/purchasing_Page_35.jpg,images/Img3/purchasing_Page_35.jpg,purchasing_Page_35.jpg,jpg,image/jpeg,108197,2024-06-14T16:15:47+07:00,734896ed2a91042c20a8f47489fdf65c5bcd7b0c03949deba5b2619b9aa71bba,readable,non_zero,2567,2,2.2,2.2.1,2.2.1,activity_image,photo_evidence,review,needs_review,low,,manual_review,
/home/rae_admin/joomla-greenoffice/joomla_data/images/Img3/0002.jpg,images/Img3/0002.jpg,0002.jpg,jpg,image/jpeg,194489,2023-08-10T13:51:04+07:00,984828d9bd2649222c37d0ecb67d8d84015102ff77f17898e5de9ccf6c636539,readable,non_zero,2566,2,2.2,2.2.1,2.2.1,activity_image,photo_evidence,review,needs_review,low,,manual_review,
/home/rae_admin/joomla-greenoffice/joomla_data/images/Img3/Green_Office2567_comp_Page3.png,images/Img3/Green_Office2567_comp_Page3.png,Green_Office2567_comp_Page3.png,png,image/png,370945,2024-03-05T10:30:27+07:00,bdbf40dc0c5e0c69f2f2a547807b7347b806f948f54e167cde4624ed7f7e191a,readable,non_zero,2567,2,2.2,2.2.1,2.2.1,activity_image,photo_evidence,review,needs_review,low,,manual_review,
/home/rae_admin/joomla-greenoffice/joomla_data/images/Img3/0001.jpg,images/Img3/0001.jpg,0001.jpg,jpg,image/jpeg,574881,2023-08-10T13:51:04+07:00,217ae10d90a859158e80fbaf8297dcd81fd49f04d841b5c456d8c32cef334c24,readable,non_zero,2566,2,2.2,2.2.1,2.2.1,activity_image,photo_evidence,review,needs_review,low,,manual_review,
/home/rae_admin/joomla-greenoffice/joomla_data/images/Img3/Infomtion4.png,images/Img3/Infomtion4.png,Infomtion4.png,png,image/png,863120,2024-03-05T15:33:25+07:00,f898f98f4f2f4d83622fe31bb8dac12ed070c916f55c616a60911b62d9d52f80,readable,non_zero,2567,2,2.2,2.2.1,2.2.1,activity_image,photo_evidence,review,needs_review,low,,manual_review,
/home/rae_admin/joomla-greenoffice/joomla_data/images/Img3/purchasing_Page_20.jpg,images/Img3/purchasing_Page_20.jpg,purchasing_Page_20.jpg,jpg,image/jpeg,74304,2024-06-14T16:03:42+07:00,0b51cf311fb6525da62f4b80dfdf731764dc9bb9757aace132449cbca595884f,readable,non_zero,2567,2,2.2,2.2.1,2.2.1,activity_image,photo_evidence,review,needs_review,low,,manual_review,
/home/rae_admin/joomla-greenoffice/joomla_data/images/Img3/smoke3-1.jpg,images/Img3/smoke3-1.jpg,smoke3-1.jpg,jpg,image/jpeg,205812,2024-06-14T15:08:38+07:00,a59f1c1173aef2b711c9554cbbdb16ec1e6a57231f8bba07d9c769f2f8b08cc2,readable,non_zero,2567,2,2.2,2.2.1,2.2.1,activity_image,photo_evidence,review,needs_review,low,,manual_review,
/home/rae_admin/joomla-greenoffice/joomla_data/images/Img3/Green_Office2567_comp_Page4.png,images/Img3/Green_Office2567_comp_Page4.png,Green_Office2567_comp_Page4.png,png,image/png,329420,2024-03-05T10:30:27+07:00,d0423e6d1b3976267f8a788a37195d40afea85b261b8e5ef950a08c7adfe96fe,readable,non_zero,2567,2,2.2,2.2.1,2.2.1,activity_image,photo_evidence,review,needs_review,low,,manual_review,
/home/rae_admin/joomla-greenoffice/joomla_data/images/Img3/purchasing_Page_22.jpg,images/Img3/purchasing_Page_22.jpg,purchasing_Page_22.jpg,jpg,image/jpeg,80307,2024-06-14T16:03:42+07:00,406cf1b300a1e86589f95a67ad9073459b98f06715136f5a9f25575ea62bb592,readable,non_zero,2567,2,2.2,2.2.1,2.2.1,activity_image,photo_evidence,review,needs_review,low,,manual_review,
/home/rae_admin/joomla-greenoffice/joomla_data/images/Img3/garbage.png,images/Img3/garbage.png,garbage.png,png,image/png,56329,2023-08-16T12:13:50+07:00,c24ea1cdc1662134c030e92b3f9b78e974c2b11eec43056ff9d73727afd67983,readable,non_zero,2566,2,2.2,2.2.1,2.2.1,activity_image,photo_evidence,review,needs_review,low,,manual_review,
/home/rae_admin/joomla-greenoffice/joomla_data/images/Img3/greenhouse.png,images/Img3/greenhouse.png,greenhouse.png,png,image/png,59040,2023-08-16T12:13:50+07:00,24e9d4481477d118f2a468242ec47af5acab08b7267dea712d583fd7d8772efd,readable,non_zero,2566,2,2.2,2.2.1,2.2.1,activity_image,photo_evidence,review,needs_review,low,,manual_review,
/home/rae_admin/joomla-greenoffice/joomla_data/images/Img3/GreenFacebook_CoverMJU.png,images/Img3/GreenFacebook_CoverMJU.png,GreenFacebook_CoverMJU.png,png,image/png,1252030,2023-11-28T14:23:50+07:00,1a549fc21287bb4ec2b04cea934bcbc1adb8e535738926a1563f3ee1853f6eee,readable,non_zero,2566,2,2.2,2.2.1,2.2.1,activity_image,photo_evidence,review,needs_review,low,,manual_review,
/home/rae_admin/joomla-greenoffice/joomla_data/images/Img3/BgFull1.png,images/Img3/BgFull1.png,BgFull1.png,png,image/png,544993,2023-08-10T16:26:06+07:00,3277bb941f39894d3c3ebd834972d8bf423291afd133c1cbd011d829f6064c52,readable,non_zero,2566,2,2.2,2.2.1,2.2.1,activity_image,photo_evidence,review,needs_review,low,,manual_review,
/home/rae_admin/joomla-greenoffice/joomla_data/images/Img3/purchasing_Page_15.jpg,images/Img3/purchasing_Page_15.jpg,purchasing_Page_15.jpg,jpg,image/jpeg,119591,2024-06-14T16:03:42+07:00,d059361271e1ff5885a9702082b366cc0b2f4485e5e80a10a4fce1d957304871,readable,non_zero,2567,2,2.2,2.2.1,2.2.1,activity_image,photo_evidence,review,needs_review,low,,manual_review,
/home/rae_admin/joomla-greenoffice/joomla_data/images/Img3/5S.jpg,images/Img3/5S.jpg,5S.jpg,jpg,image/jpeg,285370,2024-06-24T13:18:42+07:00,2006bfb1f63fb7567ab64c2ead3a7243947c5fc3eaf1ba7f0e0e89292bfc989d,readable,non_zero,2567,2,2.2,2.2.1,2.2.1,activity_image,photo_evidence,review,needs_review,low,,manual_review,
/home/rae_admin/joomla-greenoffice/joomla_data/images/Img3/20.png,images/Img3/20.png,20.png,png,image/png,1421608,2024-05-21T14:34:17+07:00,8eda86985165bb5b0845c56d0b101286c69defb762a0d1ca17f799a25fc942b2,readable,non_zero,2567,2,2.2,2.2.1,2.2.1,activity_image,photo_evidence,review,needs_review,low,,manual_review,
/home/rae_admin/joomla-greenoffice/joomla_data/images/Img3/water.png,images/Img3/water.png,water.png,png,image/png,51931,2023-08-16T12:13:50+07:00,4c8e2bc95a2295889b597b6f9df0c2989543db2d4f98b7b1018540900ae994c4,readable,non_zero,2566,2,2.2,2.2.1,2.2.1,activity_image,photo_evidence,review,needs_review,low,,manual_review,
/home/rae_admin/joomla-greenoffice/joomla_data/images/Img3/1.png,images/Img3/1.png,1.png,png,image/png,1238034,2024-02-14T14:05:03+07:00,bcaabc8e17120d5d69ca386f8bc15920e2bec09a9561112d7d56d2bf40bb36fb,readable,non_zero,2567,2,2.2,2.2.1,2.2.1,activity_image,photo_evidence,review,needs_review,low,,manual_review,
/home/rae_admin/joomla-greenoffice/joomla_data/images/Img3/MJU_png.png,images/Img3/MJU_png.png,MJU_png.png,png,image/png,802781,2023-08-24T14:28:27+07:00,ca65115e0e93657028d2fc9d837073daf94dc914d3d40c38008782728ffb4044,readable,non_zero,2566,2,2.2,2.2.1,2.2.1,activity_image,photo_evidence,review,needs_review,low,,manual_review,
/home/rae_admin/joomla-greenoffice/joomla_data/images/Img3/green1.jpg,images/Img3/green1.jpg,green1.jpg,jpg,image/jpeg,137267,2024-02-14T14:03:39+07:00,2102da7d290bf98af3abadb203816e633522475b251a044742dd8960fbab8af7,readable,non_zero,2567,2,2.2,2.2.1,2.2.1,activity_image,photo_evidence,review,needs_review,low,,manual_review,
/home/rae_admin/joomla-greenoffice/joomla_data/images/Img3/Qr_servy.png,images/Img3/Qr_servy.png,Qr_servy.png,png,image/png,809,2024-02-28T09:50:35+07:00,a00aaa37c0972c9dc221c0599562f67e56610308a4891f1c59a4017094dc40db,readable,non_zero,2567,2,2.2,2.2.1,2.2.1,activity_image,photo_evidence,review,needs_review,low,,manual_review,
/home/rae_admin/joomla-greenoffice/joomla_data/images/Img3/purchasing_Page_29.jpg,images/Img3/purchasing_Page_29.jpg,purchasing_Page_29.jpg,jpg,image/jpeg,118282,2024-06-14T16:13:22+07:00,854741c32157431bf884c510f15a4c5543c83fb2797344d24b8986ab3559b592,readable,non_zero,2567,2,2.2,2.2.1,2.2.1,activity_image,photo_evidence,review,needs_review,low,,manual_review,
/home/rae_admin/joomla-greenoffice/joomla_data/images/Img3/officeEnegy.png,images/Img3/officeEnegy.png,officeEnegy.png,png,image/png,1226839,2024-06-24T14:12:06+07:00,8bc861de390c47e2df239b4ca1996c409aa44fa0f23cf82206d56ad130467e30,readable,non_zero,2567,2,2.2,2.2.1,2.2.1,activity_image,photo_evidence,review,needs_review,low,,manual_review,
/home/rae_admin/joomla-greenoffice/joomla_data/images/Img3/CoverYouTube_GreenOffice2024.png,images/Img3/CoverYouTube_GreenOffice2024.png,CoverYouTube_GreenOffice2024.png,png,image/png,1170134,2024-07-16T11:36:59+07:00,1bc68aac3ded1f28b4638c1e0a732e8a48dc77c4d44aa6521362df8f8f2211bf,readable,non_zero,2567,2,2.2,2.2.1,2.2.1,activity_image,photo_evidence,review,needs_review,low,,manual_review,
/home/rae_admin/joomla-greenoffice/joomla_data/images/Img3/purchasing_Page_04.jpg,images/Img3/purchasing_Page_04.jpg,purchasing_Page_04.jpg,jpg,image/jpeg,88807,2024-06-14T16:03:42+07:00,ce72c05c26dcdc7267c9c07f01ae4aa4f43a6aa350a0c375f76fcd1a73c9c368,readable,non_zero,2567,2,2.2,2.2.1,2.2.1,activity_image,photo_evidence,review,needs_review,low,,manual_review,
/home/rae_admin/joomla-greenoffice/joomla_data/images/Img3/purchasing_Page_07.jpg,images/Img3/purchasing_Page_07.jpg,purchasing_Page_07.jpg,jpg,image/jpeg,100902,2024-06-14T16:03:42+07:00,6bf08440ecbe0f8b3e524c74842f16ade1078747f1dbb12fb15a381027b60b3b,readable,non_zero,2567,2,2.2,2.2.1,2.2.1,activity_image,photo_evidence,review,needs_review,low,,manual_review,
/home/rae_admin/joomla-greenoffice/joomla_data/images/Img3/purchasing_Page_26.jpg,images/Img3/purchasing_Page_26.jpg,purchasing_Page_26.jpg,jpg,image/jpeg,111970,2024-06-14T16:13:22+07:00,2264305f6c06635b7f50b34293f555feb528437ff84d46875451e84aa055a1ce,readable,non_zero,2567,2,2.2,2.2.1,2.2.1,activity_image,photo_evidence,review,needs_review,low,,manual_review,
/home/rae_admin/joomla-greenoffice/joomla_data/images/Img3/5S-2.jpg,images/Img3/5S-2.jpg,5S-2.jpg,jpg,image/jpeg,75983,2024-06-24T13:18:42+07:00,ada109fac4cce688efe3d3d71e474272d378a42a5bec7eeda9cbbee39fe1ffea,readable,non_zero,2567,2,2.2,2.2.1,2.2.1,activity_image,photo_evidence,review,needs_review,low,,manual_review,
/home/rae_admin/joomla-greenoffice/joomla_data/images/Img3/BgFull3.png,images/Img3/BgFull3.png,BgFull3.png,png,image/png,490244,2023-08-10T16:32:06+07:00,e5ba2aaae69fbfbdfe44623d40aa417174242f284cc6c9c9c6235c6a73f26fcc,readable,non_zero,2566,2,2.2,2.2.1,2.2.1,activity_image,photo_evidence,review,needs_review,low,,manual_review,
/home/rae_admin/joomla-greenoffice/joomla_data/images/Img3/logogreen1.png,images/Img3/logogreen1.png,logogreen1.png,png,image/png,8623,2023-08-10T15:06:29+07:00,7cac19a607122e68f2021b85b835f98dd1ac9f408660f306dce2ac3a536b3bba,readable,non_zero,2566,2,2.2,2.2.1,2.2.1,activity_image,photo_evidence,review,needs_review,low,,manual_review,
/home/rae_admin/joomla-greenoffice/joomla_data/images/Img3/0005.jpg,images/Img3/0005.jpg,0005.jpg,jpg,image/jpeg,428023,2023-08-10T13:57:14+07:00,810428dc2025cb77179616c1ae03230152a0ec06d95e5152c4d67a337b2c0ac6,readable,non_zero,2566,2,2.2,2.2.1,2.2.1,activity_image,photo_evidence,review,needs_review,low,,manual_review,
/home/rae_admin/joomla-greenoffice/joomla_data/images/Img3/greenlabel/Label5.jpg,images/Img3/greenlabel/Label5.jpg,Label5.jpg,jpg,image/jpeg,11882,2024-06-18T15:18:00+07:00,3d965e999c7ba2785d0ef1983fa66b3232b97d1e1a4813366562dd2afd779278,readable,non_zero,2567,2,2.2,2.2.1,2.2.1,activity_image,photo_evidence,review,needs_review,low,,manual_review,
/home/rae_admin/joomla-greenoffice/joomla_data/images/Img3/greenlabel/Green_Card_Application.jpg,images/Img3/greenlabel/Green_Card_Application.jpg,Green_Card_Application.jpg,jpg,image/jpeg,13222,2024-06-18T15:16:51+07:00,50e3553a039e90d44ff6548bab678c5c0549849dcf3856a057f6c9b90c2234fb,readable,non_zero,2567,2,2.2,2.2.1,2.2.1,activity_image,photo_evidence,review,needs_review,low,,manual_review,
/home/rae_admin/joomla-greenoffice/joomla_data/images/Img3/greenlabel/greenhotelthai.jpg,images/Img3/greenlabel/greenhotelthai.jpg,greenhotelthai.jpg,jpg,image/jpeg,7888,2024-06-18T15:16:51+07:00,8e10e629f2c0c3dd38d68b0349100f29d69395f56337e1a6c524e1ac81ba358c,readable,non_zero,2567,2,2.2,2.2.1,2.2.1,activity_image,photo_evidence,review,needs_review,low,,manual_review,
/home/rae_admin/joomla-greenoffice/joomla_data/images/Img3/greenlabel/greenoar.jpg,images/Img3/greenlabel/greenoar.jpg,greenoar.jpg,jpg,image/jpeg,18661,2024-06-18T15:38:06+07:00,43ec8181de2f9e317a5a993580fdebf947b5d66fffae3e3653dbc5ae45593d12,readable,non_zero,2567,2,2.2,2.2.1,2.2.1,activity_image,photo_evidence,review,needs_review,low,,manual_review,
/home/rae_admin/joomla-greenoffice/joomla_data/images/Img3/greenlabel/greenlabel.jpg,images/Img3/greenlabel/greenlabel.jpg,greenlabel.jpg,jpg,image/jpeg,11200,2024-06-18T15:16:51+07:00,f87ce00133ded285ae315611b003227f870f8157bbe5287f783bc7073c392d06,readable,non_zero,2567,2,2.2,2.2.1,2.2.1,activity_image,photo_evidence,review,needs_review,low,,manual_review,
/home/rae_admin/joomla-greenoffice/joomla_data/images/Img3/greenlabel/basket.jpg,images/Img3/greenlabel/basket.jpg,basket.jpg,jpg,image/jpeg,8334,2024-06-18T15:16:51+07:00,25ad8b5e332fd28c4a6ef91a39f1bc0d46e50dba1b1f16f643a13582a245d030,readable,non_zero,2567,2,2.2,2.2.1,2.2.1,activity_image,photo_evidence,review,needs_review,low,,manual_review,
/home/rae_admin/joomla-greenoffice/joomla_data/images/Img3/png/iMage_Page_02.jpg,images/Img3/png/iMage_Page_02.jpg,iMage_Page_02.jpg,jpg,image/jpeg,262939,2024-07-15T09:31:13+07:00,bbf4aa90065301ab0685948cdeb36101bfd225acc848eb787e40c88c4028f475,readable,non_zero,2567,,,,,activity_image,photo_evidence,review,needs_review,low,,manual_review,
/home/rae_admin/joomla-greenoffice/joomla_data/images/Img3/png/iMage_Page_13.jpg,images/Img3/png/iMage_Page_13.jpg,iMage_Page_13.jpg,jpg,image/jpeg,364524,2024-07-15T09:31:34+07:00,b86cec208bb403e3a4d0924661dd0b420aada0891d5ccbb1397b3d21a0802cb9,readable,non_zero,2567,,,,,activity_image,photo_evidence,review,needs_review,low,,manual_review,
/home/rae_admin/joomla-greenoffice/joomla_data/images/Img3/png/5.png,images/Img3/png/5.png,5.png,png,image/png,1321158,2024-07-04T11:35:42+07:00,2871a4688373a28c51724103be7fd34d015b9fab02e8fe532191e1894f25f50b,readable,non_zero,2567,2,2.2,2.2.1,2.2.1,activity_image,photo_evidence,review,needs_review,low,,manual_review,
/home/rae_admin/joomla-greenoffice/joomla_data/images/Img3/png/iMage_Page_14.jpg,images/Img3/png/iMage_Page_14.jpg,iMage_Page_14.jpg,jpg,image/jpeg,294678,2024-07-15T09:31:34+07:00,8de14d59f499a5271d37773f586dfb066c4aa1135cd7cabad0730badf0596600,readable,non_zero,2567,,,,,activity_image,photo_evidence,review,needs_review,low,,manual_review,
/home/rae_admin/joomla-greenoffice/joomla_data/images/Img3/png/6.png,images/Img3/png/6.png,6.png,png,image/png,863854,2024-07-04T11:35:42+07:00,8c1854df660447fa0f843d5e2ece577a1d73a9bae08dc368540696daedb14ef7,readable,non_zero,2567,2,2.2,2.2.1,2.2.1,activity_image,photo_evidence,review,needs_review,low,,manual_review,
/home/rae_admin/joomla-greenoffice/joomla_data/images/Img3/png/2.png,images/Img3/png/2.png,2.png,png,image/png,939378,2024-07-04T11:35:42+07:00,900da340fff4b08fdb30a76f395824e22fb44e1f512262674e2c261ee6a1c470,readable,non_zero,2567,2,2.2,2.2.1,2.2.1,activity_image,photo_evidence,review,needs_review,low,,manual_review,
/home/rae_admin/joomla-greenoffice/joomla_data/images/Img3/png/iMage_Page_09.jpg,images/Img3/png/iMage_Page_09.jpg,iMage_Page_09.jpg,jpg,image/jpeg,280102,2024-07-15T09:31:34+07:00,27e4a2f02475f6fbb23d8aae70d47f638eab2fb52333f82c632d39fb41cf52af,readable,non_zero,2567,,,,,activity_image,photo_evidence,review,needs_review,low,,manual_review,
/home/rae_admin/joomla-greenoffice/joomla_data/images/Img3/png/iMage_Page_11.jpg,images/Img3/png/iMage_Page_11.jpg,iMage_Page_11.jpg,jpg,image/jpeg,263034,2024-07-15T09:31:34+07:00,91a30bdd68e1f132c77e4b3e22f0961f2418ca2806490c8b669ff5ef5003f9fc,readable,non_zero,2567,,,,,activity_image,photo_evidence,review,needs_review,low,,manual_review,
/home/rae_admin/joomla-greenoffice/joomla_data/images/Img3/png/iMage_Page_07.jpg,images/Img3/png/iMage_Page_07.jpg,iMage_Page_07.jpg,jpg,image/jpeg,323622,2024-07-15T09:31:22+07:00,e7c1a9c407005f64a0bad2e9e0adda9213dc0a1d88117b5be6b0f8402df6af27,readable,non_zero,2567,,,,,activity_image,photo_evidence,review,needs_review,low,,manual_review,
/home/rae_admin/joomla-greenoffice/joomla_data/images/Img3/png/iMage_Page_05.jpg,images/Img3/png/iMage_Page_05.jpg,iMage_Page_05.jpg,jpg,image/jpeg,246331,2024-07-15T09:31:21+07:00,3405d5597b208d353eb35d607cd2faa71132e8123a77f41459caf523d0f760f2,readable,non_zero,2567,,,,,activity_image,photo_evidence,review,needs_review,low,,manual_review,
/home/rae_admin/joomla-greenoffice/joomla_data/images/Img3/png/iMage_Page_04.jpg,images/Img3/png/iMage_Page_04.jpg,iMage_Page_04.jpg,jpg,image/jpeg,330090,2024-07-15T09:31:13+07:00,a0c0093b499865164753c93ac0e779e042dc698aab6b53b16ebac7d4ff92cb95,readable,non_zero,2567,,,,,activity_image,photo_evidence,review,needs_review,low,,manual_review,
/home/rae_admin/joomla-greenoffice/joomla_data/images/Img3/png/iMage_Page_03.jpg,images/Img3/png/iMage_Page_03.jpg,iMage_Page_03.jpg,jpg,image/jpeg,346830,2024-07-15T09:31:13+07:00,d4506127d5ee7398da18ce7dd26c584bfc73e74c6071a8319a4bdbe9ffe33842,readable,non_zero,2567,,,,,activity_image,photo_evidence,review,needs_review,low,,manual_review,
/home/rae_admin/joomla-greenoffice/joomla_data/images/Img3/png/iMage_Page_06.jpg,images/Img3/png/iMage_Page_06.jpg,iMage_Page_06.jpg,jpg,image/jpeg,231647,2024-07-15T09:31:21+07:00,189ff0335e102968c9c9918ff3afd02950d2508e701f78ac7ae5d28e88657da4,readable,non_zero,2567,,,,,activity_image,photo_evidence,review,needs_review,low,,manual_review,
/home/rae_admin/joomla-greenoffice/joomla_data/images/Img3/png/iMage_Page_15.jpg,images/Img3/png/iMage_Page_15.jpg,iMage_Page_15.jpg,jpg,image/jpeg,186484,2024-07-15T09:31:34+07:00,b2c65d0f520858a152811263fccb132afa05a87c7aa4df61da4e54ebc13f8f77,readable,non_zero,2567,,,,,activity_image,photo_evidence,review,needs_review,low,,manual_review,
/home/rae_admin/joomla-greenoffice/joomla_data/images/Img3/png/3.png,images/Img3/png/3.png,3.png,png,image/png,969023,2024-07-04T11:35:42+07:00,0e0486c4aa0b8b909f9d4aded9502a8f8047b302a7279cf3b776d838e8fa7d1a,readable,non_zero,2567,2,2.2,2.2.1,2.2.1,activity_image,photo_evidence,review,needs_review,low,,manual_review,
/home/rae_admin/joomla-greenoffice/joomla_data/images/Img3/png/iMage_Page_12.jpg,images/Img3/png/iMage_Page_12.jpg,iMage_Page_12.jpg,jpg,image/jpeg,363474,2024-07-15T09:31:34+07:00,44cc26f80521e329477bbf7db7a4e1f2238886780135850d4bc4dc63255fc076,readable,non_zero,2567,,,,,activity_image,photo_evidence,review,needs_review,low,,manual_review,
/home/rae_admin/joomla-greenoffice/joomla_data/images/Img3/png/iMage_Page_10.jpg,images/Img3/png/iMage_Page_10.jpg,iMage_Page_10.jpg,jpg,image/jpeg,326497,2024-07-15T09:31:34+07:00,2c5eaee85e88fa353bdb4291e44f84c0697d9c10f8da7d3c5e700c140ffc2d7f,readable,non_zero,2567,,,,,activity_image,photo_evidence,review,needs_review,low,,manual_review,
/home/rae_admin/joomla-greenoffice/joomla_data/images/Img3/png/iMage_Page_08.jpg,images/Img3/png/iMage_Page_08.jpg,iMage_Page_08.jpg,jpg,image/jpeg,316033,2024-07-15T09:31:22+07:00,a5d71b7e1d1037878dc807d7d8d7ddaed3c396904d3165cb18f89136547077e7,readable,non_zero,2567,,,,,activity_image,photo_evidence,review,needs_review,low,,manual_review,
/home/rae_admin/joomla-greenoffice/joomla_data/images/Img3/png/iMage_Page_16.jpg,images/Img3/png/iMage_Page_16.jpg,iMage_Page_16.jpg,jpg,image/jpeg,328314,2024-07-15T09:31:34+07:00,254112e105b19aaa1993f679d2cd6b872eabf6cbf7e3ee653b30a36b564eab82,readable,non_zero,2567,,,,,activity_image,photo_evidence,review,needs_review,low,,manual_review,
/home/rae_admin/joomla-greenoffice/joomla_data/images/Img3/png/4.png,images/Img3/png/4.png,4.png,png,image/png,1215052,2024-07-04T11:35:42+07:00,13f3e1b84f4764fa6e93979513c9f718cedb59bce6511445c2b0335fbc57b8ba,readable,non_zero,2567,2,2.2,2.2.1,2.2.1,activity_image,photo_evidence,review,needs_review,low,,manual_review,
/home/rae_admin/joomla-greenoffice/joomla_data/images/Img3/png/1.png,images/Img3/png/1.png,1.png,png,image/png,1039224,2024-07-04T11:35:42+07:00,4b9c8b9e75b77d8e61b580bf413a6492f732ecd70d6af5d736356fb2fe259d8c,readable,non_zero,2567,2,2.2,2.2.1,2.2.1,activity_image,photo_evidence,review,needs_review,low,,manual_review,
/home/rae_admin/joomla-greenoffice/joomla_data/images/Img3/png/iMage_Page_01.jpg,images/Img3/png/iMage_Page_01.jpg,iMage_Page_01.jpg,jpg,image/jpeg,311758,2024-07-15T09:31:13+07:00,abfa78b8bd55e6afede009ec233583cfda3fae09778b59bc056370d295c54941,readable,non_zero,2567,,,,,activity_image,photo_evidence,review,needs_review,low,,manual_review,
/home/rae_admin/joomla-greenoffice/joomla_data/images/2026/03/14/g1.png,images/2026/03/14/g1.png,g1.png,png,image/png,26389,2026-03-14T14:08:20.436611+07:00,9c9e8dcceb1187d5b9a1ebcbcc84ec2a3f907572b9488dd2c03c59f75877bc58,readable,non_zero,2569,2,2.2,2.2.1,2.2.1,activity_image,photo_evidence,review,needs_review,low,,manual_review,
/home/rae_admin/joomla-greenoffice/joomla_data/images/2026/03/14/g4.png,images/2026/03/14/g4.png,g4.png,png,image/png,17858,2026-03-14T14:08:20.740615+07:00,2b0d49bc81b20b5285f5645d894c6c22cd5bad7ebb74e8b04a95d8769e08647b,readable,non_zero,2569,2,2.2,2.2.1,2.2.1,activity_image,photo_evidence,review,needs_review,low,,manual_review,
/home/rae_admin/joomla-greenoffice/joomla_data/images/2026/03/14/g3.png,images/2026/03/14/g3.png,g3.png,png,image/png,16972,2026-03-14T14:08:20.688615+07:00,b5fa028d7fe1ddc156d7b19dab69b8767a6e3ee662ee5886f805d3991ad90323,readable,non_zero,2569,2,2.2,2.2.1,2.2.1,activity_image,photo_evidence,review,needs_review,low,,manual_review,
/home/rae_admin/joomla-greenoffice/joomla_data/images/2026/03/14/g2.png,images/2026/03/14/g2.png,g2.png,png,image/png,11980,2026-03-14T14:08:20.680614+07:00,05373d6381c4596fd801e42f86a24cb268138f41f202d0072d13e688760ff0b0,readable,non_zero,2569,2,2.2,2.2.1,2.2.1,activity_image,photo_evidence,review,needs_review,low,,manual_review,
/home/rae_admin/joomla-greenoffice/joomla_data/images/2026/03/14/_spmedia_thumbs/g1.png,images/2026/03/14/_spmedia_thumbs/g1.png,g1.png,png,image/png,47184,2026-03-14T14:08:20.616613+07:00,5f400d07c7dfe45a7e99bb3d930d67c14089de378f99dc2905a2f59f425771c4,readable,non_zero,2569,2,2.2,2.2.1,2.2.1,activity_image,photo_evidence,review,needs_review,low,,manual_review,
/home/rae_admin/joomla-greenoffice/joomla_data/images/2026/03/14/_spmedia_thumbs/g3.png,images/2026/03/14/_spmedia_thumbs/g3.png,g3.png,png,image/png,30871,2026-03-14T14:08:20.732615+07:00,88b2ee74d49037a99cb7c1e4f1035d99368a2e5cdbfd1dcae82f4ae72d2eea78,readable,non_zero,2569,2,2.2,2.2.1,2.2.1,activity_image,photo_evidence,review,needs_review,low,,manual_review,
/home/rae_admin/joomla-greenoffice/joomla_data/images/2026/03/12/44May.jpg,images/2026/03/12/44May.jpg,44May.jpg,jpg,image/jpeg,450445,2026-03-12T14:03:42.814344+07:00,35f86882e2aa2fbec6dc4fd28a956bd27336d7f6f3e6740ab384917280278e23,readable,non_zero,2569,2,2.2,2.2.1,2.2.1,activity_image,photo_evidence,review,needs_review,low,,manual_review,
/home/rae_admin/joomla-greenoffice/joomla_data/images/2026/03/12/46May1.jpg,images/2026/03/12/46May1.jpg,46May1.jpg,jpg,image/jpeg,641851,2026-03-12T14:03:43.314352+07:00,7d1e91ce8c925d742bd4e3ba9d04a469aee723bfbdb1a0f9a3eaf49d0a964544,readable,non_zero,2569,2,2.2,2.2.1,2.2.1,activity_image,photo_evidence,review,needs_review,low,,manual_review,
/home/rae_admin/joomla-greenoffice/joomla_data/images/2026/03/12/41May.jpg,images/2026/03/12/41May.jpg,41May.jpg,jpg,image/jpeg,431732,2026-03-12T14:03:43.262351+07:00,d16568bd6671fb418ccbb51ec3158ad31beb9934ce7e0961016ea94a160e2af9,readable,non_zero,2569,2,2.2,2.2.1,2.2.1,activity_image,photo_evidence,review,needs_review,low,,manual_review,
/home/rae_admin/joomla-greenoffice/joomla_data/images/2026/03/12/45May.jpg,images/2026/03/12/45May.jpg,45May.jpg,jpg,image/jpeg,537041,2026-03-12T14:03:43.322352+07:00,5f5276b5a9ca2b6ff5162a7b4bbc01093045dcb2ae9853544853ab09a3621eb0,readable,non_zero,2569,2,2.2,2.2.1,2.2.1,activity_image,photo_evidence,review,needs_review,low,,manual_review,
/home/rae_admin/joomla-greenoffice/joomla_data/images/2026/03/12/43May.jpg,images/2026/03/12/43May.jpg,43May.jpg,jpg,image/jpeg,599259,2026-03-12T14:03:43.638357+07:00,469c8b68c48785a7c9670bc9f295f01b70ca93c9334d7c08311615f54af275a5,readable,non_zero,2569,2,2.2,2.2.1,2.2.1,activity_image,photo_evidence,review,needs_review,low,,manual_review,
/home/rae_admin/joomla-greenoffice/joomla_data/images/2026/03/12/42May.jpg,images/2026/03/12/42May.jpg,42May.jpg,jpg,image/jpeg,632240,2026-03-12T14:03:43.638357+07:00,356435526fe5c69ce238e41e7807b7a09d22383ebca015bf26d4213123b5c531,readable,non_zero,2569,2,2.2,2.2.1,2.2.1,activity_image,photo_evidence,review,needs_review,low,,manual_review,
/home/rae_admin/joomla-greenoffice/joomla_data/images/2026/03/16/g-green.png,images/2026/03/16/g-green.png,g-green.png,png,image/png,707138,2026-03-16T12:39:37.778912+07:00,aca0b896593ca243c1b54fded2ce53e9fe80ffd79e9ac76c11e8c527c6dd192d,readable,non_zero,2569,2,2.2,2.2.1,2.2.1,activity_image,photo_evidence,review,needs_review,low,,manual_review,
/home/rae_admin/joomla-greenoffice/joomla_data/images/2026/03/16/_spmedia_thumbs/g-green.png,images/2026/03/16/_spmedia_thumbs/g-green.png,g-green.png,png,image/png,86088,2026-03-16T12:39:39.266954+07:00,ba127a95d29b33e0e864d22b8629ff96298c774b06fda2bc1aabafc024505238,readable,non_zero,2569,2,2.2,2.2.1,2.2.1,activity_image,photo_evidence,review,needs_review,low,,manual_review,
/home/rae_admin/joomla-greenoffice/joomla_data/images/2026/03/06/g8.png,images/2026/03/06/g8.png,g8.png,png,image/png,17705,2026-03-06T22:31:02+07:00,669d41420cd14a10a0516227428c3235f086dfccc4fdcfb94dd28a5c6da176c0,readable,non_zero,2569,2,2.2,2.2.1,2.2.1,activity_image,photo_evidence,review,needs_review,low,,manual_review,
/home/rae_admin/joomla-greenoffice/joomla_data/images/2026/03/06/g5.png,images/2026/03/06/g5.png,g5.png,png,image/png,20934,2026-03-06T22:31:02+07:00,e827afe31b8296aa5bf7842388b4e63844aeb9e4b26fc04504c2b6cae8796b47,readable,non_zero,2569,2,2.2,2.2.1,2.2.1,activity_image,photo_evidence,review,needs_review,low,,manual_review,
/home/rae_admin/joomla-greenoffice/joomla_data/images/2026/03/06/g9.png,images/2026/03/06/g9.png,g9.png,png,image/png,26017,2026-03-06T22:31:02+07:00,4b9858251d6b9044ab6960752ae459c66af26607c46aa8e6595e5642dcb4d9f2,readable,non_zero,2569,2,2.2,2.2.1,2.2.1,activity_image,photo_evidence,review,needs_review,low,,manual_review,
/home/rae_admin/joomla-greenoffice/joomla_data/images/2026/03/06/g7.png,images/2026/03/06/g7.png,g7.png,png,image/png,12812,2026-03-06T22:31:02+07:00,b65de6db761bc92c9a21c5ed497d0495726309019077a96e584a1c97403fe6fe,readable,non_zero,2569,2,2.2,2.2.1,2.2.1,activity_image,photo_evidence,review,needs_review,low,,manual_review,
/home/rae_admin/joomla-greenoffice/joomla_data/images/2026/03/06/g1.png,images/2026/03/06/g1.png,g1.png,png,image/png,26095,2026-03-06T22:31:02+07:00,924e32b6cfa65913ad59ff138cbae2baad0274f62425ad2323bf79c4a74f24b7,readable,non_zero,2569,2,2.2,2.2.1,2.2.1,activity_image,photo_evidence,review,needs_review,low,,manual_review,
/home/rae_admin/joomla-greenoffice/joomla_data/images/2026/03/06/g13.png,images/2026/03/06/g13.png,g13.png,png,image/png,16396,2026-03-06T22:31:02+07:00,0a47f311d5a4040b7ee51022238eb893cd583268e0100429dc8c44ad437cc13b,readable,non_zero,2569,2,2.2,2.2.1,2.2.1,activity_image,photo_evidence,review,needs_review,low,,manual_review,
/home/rae_admin/joomla-greenoffice/joomla_data/images/2026/03/06/g12.png,images/2026/03/06/g12.png,g12.png,png,image/png,29151,2026-03-06T22:31:02+07:00,64c23f6fd0b65884e364f31c991105278e7ac2654b4e0ae6090d3f29d46d4233,readable,non_zero,2569,2,2.2,2.2.1,2.2.1,activity_image,photo_evidence,review,needs_review,low,,manual_review,
/home/rae_admin/joomla-greenoffice/joomla_data/images/2026/03/06/g14.png,images/2026/03/06/g14.png,g14.png,png,image/png,22537,2026-03-06T22:31:02+07:00,7b84e8de3e8b16008c1de0674eb46677a366541d9b948ac1addd4bbf2130ae55,readable,non_zero,2569,2,2.2,2.2.1,2.2.1,activity_image,photo_evidence,review,needs_review,low,,manual_review,
/home/rae_admin/joomla-greenoffice/joomla_data/images/2026/03/06/g4.png,images/2026/03/06/g4.png,g4.png,png,image/png,30679,2026-03-06T22:31:02+07:00,b56dee8736d7851e12a7451b06a0555667df7ec4fe91164ba1090ccdb3a75e02,readable,non_zero,2569,2,2.2,2.2.1,2.2.1,activity_image,photo_evidence,review,needs_review,low,,manual_review,
/home/rae_admin/joomla-greenoffice/joomla_data/images/2026/03/06/g3.png,images/2026/03/06/g3.png,g3.png,png,image/png,19220,2026-03-06T22:31:02+07:00,36217eeece9b620d1fa7d6847e859fa74c1d90ed21af487e5d7cea8c362551ca,readable,non_zero,2569,2,2.2,2.2.1,2.2.1,activity_image,photo_evidence,review,needs_review,low,,manual_review,
/home/rae_admin/joomla-greenoffice/joomla_data/images/2026/03/06/g10.png,images/2026/03/06/g10.png,g10.png,png,image/png,26263,2026-03-06T22:31:02+07:00,b8ef5265241e969b902af146f33d177f28493d77bb143dbd078cfe0b23e6e2d9,readable,non_zero,2569,2,2.2,2.2.1,2.2.1,activity_image,photo_evidence,review,needs_review,low,,manual_review,
/home/rae_admin/joomla-greenoffice/joomla_data/images/2026/03/06/g11.png,images/2026/03/06/g11.png,g11.png,png,image/png,15936,2026-03-06T22:31:02+07:00,d625111e0f2be999e2e0cdc0e3237e50ac6607a8a177522ffb7c96327e55de80,readable,non_zero,2569,2,2.2,2.2.1,2.2.1,activity_image,photo_evidence,review,needs_review,low,,manual_review,
/home/rae_admin/joomla-greenoffice/joomla_data/images/2026/03/06/g2.png,images/2026/03/06/g2.png,g2.png,png,image/png,19621,2026-03-06T22:31:02+07:00,202413e7425c37e848692631bc0316dc3a17ab1d5a3a272043ed57821e718cbd,readable,non_zero,2569,2,2.2,2.2.1,2.2.1,activity_image,photo_evidence,review,needs_review,low,,manual_review,
/home/rae_admin/joomla-greenoffice/joomla_data/images/2026/03/06/g6.png,images/2026/03/06/g6.png,g6.png,png,image/png,25378,2026-03-06T22:31:02+07:00,3e9c362c527e796e63a04a91e2280a135cff6fff66f42b0100262285441d564c,readable,non_zero,2569,2,2.2,2.2.1,2.2.1,activity_image,photo_evidence,review,needs_review,low,,manual_review,
/home/rae_admin/joomla-greenoffice/joomla_data/images/2026/activity2026/j54.jpg,images/2026/activity2026/j54.jpg,j54.jpg,jpg,image/jpeg,914029,2026-02-17T15:41:22+07:00,b0149eb64f7e04cb35553a6d66930d5306d698b967decd0f0eaa61bc087c015c,readable,non_zero,2569,2,2.2,2.2.1,2.2.1,activity_image,photo_evidence,review,needs_review,low,,manual_review,
/home/rae_admin/joomla-greenoffice/joomla_data/images/2026/activity2026/j43.jpg,images/2026/activity2026/j43.jpg,j43.jpg,jpg,image/jpeg,3011600,2026-02-17T15:36:32+07:00,7b2995d2add924081e846ba0155b5a2c22d1ae3ab5123f14404c49b8a45ea48d,readable,non_zero,2569,2,2.2,2.2.1,2.2.1,activity_image,photo_evidence,review,needs_review,low,,manual_review,
/home/rae_admin/joomla-greenoffice/joomla_data/images/2026/02/24/6.svg,images/2026/02/24/6.svg,6.svg,svg,image/svg+xml,382822,2026-02-24T15:30:54+07:00,a213562318257f3bc079f18cffd523a98cfeb8a926e113d0b5a3880b3432802d,readable,non_zero,2569,2,2.2,2.2.1,2.2.1,activity_image,photo_evidence,review,needs_review,low,,manual_review,
/home/rae_admin/joomla-greenoffice/joomla_data/images/2026/02/24/1.svg,images/2026/02/24/1.svg,1.svg,svg,image/svg+xml,194565,2026-02-24T15:07:41+07:00,fd416b095596ccde2ad309eeb9d696ec09b468f11b52c4ae40ffad5ce858581e,readable,non_zero,2569,2,2.2,2.2.1,2.2.1,activity_image,photo_evidence,review,needs_review,low,,manual_review,
/home/rae_admin/joomla-greenoffice/joomla_data/images/2026/02/24/2-1.svg,images/2026/02/24/2-1.svg,2-1.svg,svg,image/svg+xml,317473,2026-02-24T15:25:43+07:00,8c9b43f392cf6ea7e0ca2df95b46728e726d88130a904511e7a1f93c5151d4e8,readable,non_zero,2569,2,2.2,2.2.1,2.2.1,activity_image,photo_evidence,review,needs_review,low,,manual_review,
/home/rae_admin/joomla-greenoffice/joomla_data/images/2026/02/24/4.svg,images/2026/02/24/4.svg,4.svg,svg,image/svg+xml,821955,2026-02-24T15:07:41+07:00,6f640a45dd9896c657c0cb80eef4ffcb9776a36e4db268e8d6ecac43129745bc,readable,non_zero,2569,2,2.2,2.2.1,2.2.1,activity_image,photo_evidence,review,needs_review,low,,manual_review,
/home/rae_admin/joomla-greenoffice/joomla_data/images/2026/02/24/6-1.svg,images/2026/02/24/6-1.svg,6-1.svg,svg,image/svg+xml,233597,2026-02-24T15:35:01+07:00,d8da82c46c43cb9777e9d2ced371af5b47944f99173abf0e3182115fe9f563a6,readable,non_zero,2569,2,2.2,2.2.1,2.2.1,activity_image,photo_evidence,review,needs_review,low,,manual_review,
/home/rae_admin/joomla-greenoffice/joomla_data/images/2026/02/24/5.svg,images/2026/02/24/5.svg,5.svg,svg,image/svg+xml,245735,2026-02-24T15:07:41+07:00,32ed7e202456146d0d134b5c58a6cbe25fe1af3a71a6556b90083d593398ad64,readable,non_zero,2569,2,2.2,2.2.1,2.2.1,activity_image,photo_evidence,review,needs_review,low,,manual_review,
/home/rae_admin/joomla-greenoffice/joomla_data/images/2026/02/24/3-1.svg,images/2026/02/24/3-1.svg,3-1.svg,svg,image/svg+xml,327382,2026-02-24T15:27:58+07:00,f006cd1d47a829ecfc8db7c3567f7e3a5e7159330028a61629d734223cb8e574,readable,non_zero,2569,2,2.2,2.2.1,2.2.1,activity_image,photo_evidence,review,needs_review,low,,manual_review,
/home/rae_admin/joomla-greenoffice/joomla_data/images/2026/02/24/3.svg,images/2026/02/24/3.svg,3.svg,svg,image/svg+xml,365402,2026-02-24T15:07:41+07:00,21f72503aac8f443248f130f6a92f9d9445781457b220abfcd449bbbd1eab8a9,readable,non_zero,2569,2,2.2,2.2.1,2.2.1,activity_image,photo_evidence,review,needs_review,low,,manual_review,
/home/rae_admin/joomla-greenoffice/joomla_data/images/2026/02/24/2.svg,images/2026/02/24/2.svg,2.svg,svg,image/svg+xml,650042,2026-02-24T15:07:41+07:00,dd7e3c1292f4ead643b6b2cdb0c1bb0a6f9b3a587cd06ef34f838003b380dbf2,readable,non_zero,2569,2,2.2,2.2.1,2.2.1,activity_image,photo_evidence,review,needs_review,low,,manual_review,
/home/rae_admin/joomla-greenoffice/joomla_data/images/2026/02/18/BigCleaning_54.JPG,images/2026/02/18/BigCleaning_54.JPG,BigCleaning_54.JPG,jpg,image/jpeg,1574798,2026-02-18T09:43:08+07:00,f4f1f53e625cc779acdbe3ce04cebab4aadb6ca8724340323bc3937e4e2df37c,readable,non_zero,2569,2,2.2,2.2.1,2.2.1,activity_image,photo_evidence,review,needs_review,low,,manual_review,
/home/rae_admin/joomla-greenoffice/joomla_data/images/2026/02/18/BigCleaning_25.JPG,images/2026/02/18/BigCleaning_25.JPG,BigCleaning_25.JPG,jpg,image/jpeg,1424436,2026-02-18T09:37:22+07:00,df145eee8d9abd1eae937a549e5c7c6ae40c94a55d9c83e80f06e4b9bf986b81,readable,non_zero,2569,2,2.2,2.2.1,2.2.1,activity_image,photo_evidence,review,needs_review,low,,manual_review,
/home/rae_admin/joomla-greenoffice/joomla_data/images/2026/02/18/BigCleaning_44.JPG,images/2026/02/18/BigCleaning_44.JPG,BigCleaning_44.JPG,jpg,image/jpeg,1211895,2026-02-18T09:38:08+07:00,098f318565a690ca530e073111ea1f0fdb32500348fd478a03ab233ff64efbea,readable,non_zero,2569,2,2.2,2.2.1,2.2.1,activity_image,photo_evidence,review,needs_review,low,,manual_review,
/home/rae_admin/joomla-greenoffice/joomla_data/images/2026/02/18/BigCleaning_59.JPG,images/2026/02/18/BigCleaning_59.JPG,BigCleaning_59.JPG,jpg,image/jpeg,2283097,2026-02-18T09:38:08+07:00,56a5ef86e9deed757a5e4374410409b566bb97a97125f9395b04d70e51e37232,readable,non_zero,2569,2,2.2,2.2.1,2.2.1,activity_image,photo_evidence,review,needs_review,low,,manual_review,
/home/rae_admin/joomla-greenoffice/joomla_data/images/2026/02/18/BigCleaning_4.jpg,images/2026/02/18/BigCleaning_4.jpg,BigCleaning_4.jpg,jpg,image/jpeg,791412,2026-02-18T09:39:09+07:00,f82844e292f26cf4f8ad06a5b9b621dafb20ccedb8c7c91cf7dc62d213ff15b7,readable,non_zero,2569,2,2.2,2.2.1,2.2.1,activity_image,photo_evidence,review,needs_review,low,,manual_review,
/home/rae_admin/joomla-greenoffice/joomla_data/images/2026/02/18/context_page_8.jpg,images/2026/02/18/context_page_8.jpg,context_page_8.jpg,jpg,image/jpeg,307384,2026-02-18T10:41:59+07:00,d1b7264ccacb70350d2e1291e690fcedfd9418aa315658ed51511eea43db7223,readable,non_zero,2569,2,2.2,2.2.1,2.2.1,activity_image,photo_evidence,review,needs_review,low,,manual_review,
/home/rae_admin/joomla-greenoffice/joomla_data/images/2026/02/18/BigCleaning_24.JPG,images/2026/02/18/BigCleaning_24.JPG,BigCleaning_24.JPG,jpg,image/jpeg,1170899,2026-02-18T09:38:07+07:00,5cd78d5efc57076321578485684f22c0d55f1af64537107869af92d3e71d9b3d,readable,non_zero,2569,2,2.2,2.2.1,2.2.1,activity_image,photo_evidence,review,needs_review,low,,manual_review,
/home/rae_admin/joomla-greenoffice/joomla_data/images/2026/02/18/BigCleaning_78.JPG,images/2026/02/18/BigCleaning_78.JPG,BigCleaning_78.JPG,jpg,image/jpeg,1462391,2026-02-18T09:38:38+07:00,983a57cb705a520d61e469811fcfb7e5f56260cf2e7d98cb6b6e421443c97c4f,readable,non_zero,2569,2,2.2,2.2.1,2.2.1,activity_image,photo_evidence,review,needs_review,low,,manual_review,
/home/rae_admin/joomla-greenoffice/joomla_data/images/2026/02/18/BigCleaning_20.jpg,images/2026/02/18/BigCleaning_20.jpg,BigCleaning_20.jpg,jpg,image/jpeg,8673344,2026-02-18T09:41:03+07:00,a4796114ec40d9a38335fced38de1a597b5d0aeaa2c0b8501565eff2fea4cd9b,readable,non_zero,2569,2,2.2,2.2.1,2.2.1,activity_image,photo_evidence,review,needs_review,low,,manual_review,
/home/rae_admin/joomla-greenoffice/joomla_data/images/2026/02/18/BigCleaning_19.jpg,images/2026/02/18/BigCleaning_19.jpg,BigCleaning_19.jpg,jpg,image/jpeg,19474238,2026-02-18T09:41:04+07:00,8d7022961ea27fc3eb57701304cd00b8b67c5fed3d7b9ce8c47be0527cf42eff,readable,non_zero,2569,2,2.2,2.2.1,2.2.1,activity_image,photo_evidence,review,needs_review,low,,manual_review,
/home/rae_admin/joomla-greenoffice/joomla_data/images/2026/02/18/BigCleaning_57.JPG,images/2026/02/18/BigCleaning_57.JPG,BigCleaning_57.JPG,jpg,image/jpeg,1189516,2026-02-18T09:38:08+07:00,abd0d03ec02ba2ff7cf6d9902888234b16098733a8733b849468f626c0c530c7,readable,non_zero,2569,2,2.2,2.2.1,2.2.1,activity_image,photo_evidence,review,needs_review,low,,manual_review,
/home/rae_admin/joomla-greenoffice/joomla_data/images/2026/02/18/BigCleaning_18.jpg,images/2026/02/18/BigCleaning_18.jpg,BigCleaning_18.jpg,jpg,image/jpeg,11053342,2026-02-18T09:39:40+07:00,cca78b92303185b36af2f7fdb67081a01319d4f2553127fd0a2c7b16b1f8fbaa,readable,non_zero,2569,2,2.2,2.2.1,2.2.1,activity_image,photo_evidence,review,needs_review,low,,manual_review,
/home/rae_admin/joomla-greenoffice/joomla_data/images/2026/02/18/BigCleaning_43.JPG,images/2026/02/18/BigCleaning_43.JPG,BigCleaning_43.JPG,jpg,image/jpeg,2419302,2026-02-18T09:38:08+07:00,581e824c67942f25245e9149b497d4d6fb735bdaf17a060adf3437a32d97b7e0,readable,non_zero,2569,2,2.2,2.2.1,2.2.1,activity_image,photo_evidence,review,needs_review,low,,manual_review,
/home/rae_admin/joomla-greenoffice/joomla_data/images/2026/02/18/BigCleaning_52.JPG,images/2026/02/18/BigCleaning_52.JPG,BigCleaning_52.JPG,jpg,image/jpeg,2531385,2026-02-18T09:43:08+07:00,47343db6d3048fc5bec9882a382c94e5d59146ca0c48a98a97c8186129958ec3,readable,non_zero,2569,2,2.2,2.2.1,2.2.1,activity_image,photo_evidence,review,needs_review,low,,manual_review,
/home/rae_admin/joomla-greenoffice/joomla_data/images/2026/02/18/law2025.jpg,images/2026/02/18/law2025.jpg,law2025.jpg,jpg,image/jpeg,166618,2026-02-18T11:19:29+07:00,3dae5dbf07e37afb71d020cb5b224db8941107ed072d2e1f7aa38184672b536c,readable,non_zero,2568,2,2.2,2.2.1,2.2.1,activity_image,photo_evidence,review,needs_review,low,,manual_review,
/home/rae_admin/joomla-greenoffice/joomla_data/images/2026/02/18/BigCleaning_661.JPG,images/2026/02/18/BigCleaning_661.JPG,BigCleaning_661.JPG,jpg,image/jpeg,1553151,2026-02-18T09:43:08+07:00,3e398b3f0535f107e7a4b37da7d1b2c430e02d62d0dbc728828a5931f842f372,readable,non_zero,2569,2,2.2,2.2.1,2.2.1,activity_image,photo_evidence,review,needs_review,low,,manual_review,
/home/rae_admin/joomla-greenoffice/joomla_data/images/2026/02/18/BigCleaning_46.JPG,images/2026/02/18/BigCleaning_46.JPG,BigCleaning_46.JPG,jpg,image/jpeg,2193404,2026-02-18T09:38:08+07:00,5b2afdcea63869f9189e37297f46a8a0d127311b68cc8efd09c4ef6aabb6b5db,readable,non_zero,2569,2,2.2,2.2.1,2.2.1,activity_image,photo_evidence,review,needs_review,low,,manual_review,
/home/rae_admin/joomla-greenoffice/joomla_data/images/2026/02/18/BigCleaning_741.JPG,images/2026/02/18/BigCleaning_741.JPG,BigCleaning_741.JPG,jpg,image/jpeg,1360692,2026-02-18T09:43:08+07:00,c46b0ad906bb4ffa523545c9ca8c31c0d0143c6a43c65669d897d62a62ce2def,readable,non_zero,2569,2,2.2,2.2.1,2.2.1,activity_image,photo_evidence,review,needs_review,low,,manual_review,
/home/rae_admin/joomla-greenoffice/joomla_data/images/2026/02/18/BigCleaning_51.JPG,images/2026/02/18/BigCleaning_51.JPG,BigCleaning_51.JPG,jpg,image/jpeg,2370378,2026-02-18T09:41:26+07:00,32c1b7c5b640c47c136b2c676990ba43bfb187b6fe04deb04ef44996d2e37d94,readable,non_zero,2569,2,2.2,2.2.1,2.2.1,activity_image,photo_evidence,review,needs_review,low,,manual_review,
/home/rae_admin/joomla-greenoffice/joomla_data/images/2026/02/18/BigCleaning_45.JPG,images/2026/02/18/BigCleaning_45.JPG,BigCleaning_45.JPG,jpg,image/jpeg,1753430,2026-02-18T09:38:08+07:00,9b498d9aca596b23ab340a4fc28c273d998176736e4b757c6c5fa53c4347f45f,readable,non_zero,2569,2,2.2,2.2.1,2.2.1,activity_image,photo_evidence,review,needs_review,low,,manual_review,
/home/rae_admin/joomla-greenoffice/joomla_data/images/2026/02/18/ss1.jpg,images/2026/02/18/ss1.jpg,ss1.jpg,jpg,image/jpeg,974346,2026-02-18T09:19:18+07:00,7b157d1a35368ba4faf236f70d460c578c654f6dd011e5ba986af47d15ae5345,readable,non_zero,2569,2,2.2,2.2.1,2.2.1,activity_image,photo_evidence,review,needs_review,low,,manual_review,
/home/rae_admin/joomla-greenoffice/joomla_data/images/2026/02/18/BigCleaning_62.JPG,images/2026/02/18/BigCleaning_62.JPG,BigCleaning_62.JPG,jpg,image/jpeg,1007612,2026-02-18T09:43:07+07:00,a2c941d8d61640aadb9d63986928d046db11ac5d08065a41d3c90be9d3a843a8,readable,non_zero,2569,2,2.2,2.2.1,2.2.1,activity_image,photo_evidence,review,needs_review,low,,manual_review,
/home/rae_admin/joomla-greenoffice/joomla_data/images/2026/02/18/BigCleaning_17.jpg,images/2026/02/18/BigCleaning_17.jpg,BigCleaning_17.jpg,jpg,image/jpeg,11042837,2026-02-18T09:39:40+07:00,e639a1ae422c6cd1aea1495d3befabce07021a19eb58322354dbbcb642fe8403,readable,non_zero,2569,2,2.2,2.2.1,2.2.1,activity_image,photo_evidence,review,needs_review,low,,manual_review,
/home/rae_admin/joomla-greenoffice/joomla_data/images/2026/02/18/BigCleaning_221.jpg,images/2026/02/18/BigCleaning_221.jpg,BigCleaning_221.jpg,jpg,image/jpeg,1364845,2026-02-18T09:39:37+07:00,dee7a3b41c2c10148243ea1b03e1787ee7c31342679ac07c79a6e13624e980dc,readable,non_zero,2569,2,2.2,2.2.1,2.2.1,activity_image,photo_evidence,review,needs_review,low,,manual_review,
/home/rae_admin/joomla-greenoffice/joomla_data/images/2026/02/18/_spmedia_thumbs/context_page_8-1.jpg,images/2026/02/18/_spmedia_thumbs/context_page_8-1.jpg,context_page_8-1.jpg,jpg,image/jpeg,61382,2026-02-18T10:42:00+07:00,fb64b9b4904e280d6b73fa34e8d08f82ac1377f4aa7b23fe3db426472f8252a4,readable,non_zero,2569,2,2.2,2.2.1,2.2.1,activity_image,photo_evidence,review,needs_review,low,,manual_review,
/home/rae_admin/joomla-greenoffice/joomla_data/images/2026/02/18/_spmedia_thumbs/board_page_5.jpg,images/2026/02/18/_spmedia_thumbs/board_page_5.jpg,board_page_5.jpg,jpg,image/jpeg,48746,2026-02-18T10:59:25+07:00,a01893603d6ab6ff76a5540fe32b9a562c5f18fadb8543ff338583a5fab5681e,readable,non_zero,2569,2,2.2,2.2.1,2.2.1,activity_image,photo_evidence,review,needs_review,low,,manual_review,
/home/rae_admin/joomla-greenoffice/joomla_data/images/2026/02/18/_spmedia_thumbs/context_page_6.jpg,images/2026/02/18/_spmedia_thumbs/context_page_6.jpg,context_page_6.jpg,jpg,image/jpeg,59121,2026-02-18T10:41:59+07:00,c073d184b6cf24d2380599e0f238e8f38c57a176161a49573dfc239f5b6ea726,readable,non_zero,2569,2,2.2,2.2.1,2.2.1,activity_image,photo_evidence,review,needs_review,low,,manual_review,
/home/rae_admin/joomla-greenoffice/joomla_data/images/2026/02/18/_spmedia_thumbs/context_page_8.jpg,images/2026/02/18/_spmedia_thumbs/context_page_8.jpg,context_page_8.jpg,jpg,image/jpeg,35324,2026-02-18T10:42:00+07:00,775bf11299ac026d6f6ec4604ca84b84b0aa72c21e35b9a9cdac59da8e3e9307,readable,non_zero,2569,2,2.2,2.2.1,2.2.1,activity_image,photo_evidence,review,needs_review,low,,manual_review,
/home/rae_admin/joomla-greenoffice/joomla_data/images/2026/02/18/_spmedia_thumbs/context_page_2.jpg,images/2026/02/18/_spmedia_thumbs/context_page_2.jpg,context_page_2.jpg,jpg,image/jpeg,53324,2026-02-18T10:41:57+07:00,e4298fd8179e1bff9cc4cbe504df58e4249e959c603e66e4bb53fccc9869861d,readable,non_zero,2569,2,2.2,2.2.1,2.2.1,activity_image,photo_evidence,review,needs_review,low,,manual_review,
/home/rae_admin/joomla-greenoffice/joomla_data/images/2026/02/18/_spmedia_thumbs/context_page_7.jpg,images/2026/02/18/_spmedia_thumbs/context_page_7.jpg,context_page_7.jpg,jpg,image/jpeg,65856,2026-02-18T10:41:59+07:00,c003aafa3aa0b185954dece921d539e8b5393ac2bae87e90ebfbed579df51aab,readable,non_zero,2569,2,2.2,2.2.1,2.2.1,activity_image,photo_evidence,review,needs_review,low,,manual_review,
/home/rae_admin/joomla-greenoffice/joomla_data/images/2026/02/18/_spmedia_thumbs/context_page_4.jpg,images/2026/02/18/_spmedia_thumbs/context_page_4.jpg,context_page_4.jpg,jpg,image/jpeg,67337,2026-02-18T10:41:58+07:00,c64218cda046fbe5f8c92cce98d731aa8b00b5c75276339ab2ca430067a6a798,readable,non_zero,2569,2,2.2,2.2.1,2.2.1,activity_image,photo_evidence,review,needs_review,low,,manual_review,
/home/rae_admin/joomla-greenoffice/joomla_data/images/2026/02/18/_spmedia_thumbs/context_page_5.jpg,images/2026/02/18/_spmedia_thumbs/context_page_5.jpg,context_page_5.jpg,jpg,image/jpeg,44299,2026-02-18T10:41:58+07:00,07c1742c866bd2e887d83172c711c29bec4b16b61d700690fe1c8852615d6918,readable,non_zero,2569,2,2.2,2.2.1,2.2.1,activity_image,photo_evidence,review,needs_review,low,,manual_review,
/home/rae_admin/joomla-greenoffice/joomla_data/images/2026/02/18/_spmedia_thumbs/target_page_2.jpg,images/2026/02/18/_spmedia_thumbs/target_page_2.jpg,target_page_2.jpg,jpg,image/jpeg,39420,2026-02-18T11:12:28+07:00,08ef1464f1ebbc614c007cffbf1a1f99ee0156817f20e86fa6d588be1393019a,readable,non_zero,2569,2,2.2,2.2.1,2.2.1,activity_image,photo_evidence,review,needs_review,low,,manual_review,
/home/rae_admin/joomla-greenoffice/joomla_data/images/2026/02/18/_spmedia_thumbs/context_page_3.jpg,images/2026/02/18/_spmedia_thumbs/context_page_3.jpg,context_page_3.jpg,jpg,image/jpeg,52492,2026-02-18T10:41:57+07:00,a2e0d7a84df513cb524b4a0e39b3054531198c38565e86acd181ca3b8d98e21d,readable,non_zero,2569,2,2.2,2.2.1,2.2.1,activity_image,photo_evidence,review,needs_review,low,,manual_review,
/home/rae_admin/joomla-greenoffice/joomla_data/images/2026/02/18/_spmedia_thumbs/law2025.jpg,images/2026/02/18/_spmedia_thumbs/law2025.jpg,law2025.jpg,jpg,image/jpeg,63040,2026-02-18T11:19:29+07:00,7179ffcd1199f33d185df0839192903111c75eca772b19ba53bb19ef8d3a4e0b,readable,non_zero,2568,2,2.2,2.2.1,2.2.1,activity_image,photo_evidence,review,needs_review,low,,manual_review,
/home/rae_admin/joomla-greenoffice/joomla_data/images/2026/02/18/_spmedia_thumbs/board_page_6.jpg,images/2026/02/18/_spmedia_thumbs/board_page_6.jpg,board_page_6.jpg,jpg,image/jpeg,42651,2026-02-18T10:59:26+07:00,5298cab976edb96510edf14c704a2d71c4c99d82ef77554a9c0f66201259bf73,readable,non_zero,2569,2,2.2,2.2.1,2.2.1,activity_image,photo_evidence,review,needs_review,low,,manual_review,
/home/rae_admin/joomla-greenoffice/joomla_data/images/2026/02/18/_spmedia_thumbs/bigcleaning_78.jpg,images/2026/02/18/_spmedia_thumbs/bigcleaning_78.jpg,bigcleaning_78.jpg,jpg,image/jpeg,78637,2026-02-18T09:23:47+07:00,9bd928d3f05431e9c7f2cfa4cce1322ec881a252ce54833fa79b9b1c6c31934c,readable,non_zero,2569,2,2.2,2.2.1,2.2.1,activity_image,photo_evidence,review,needs_review,low,,manual_review,
/home/rae_admin/joomla-greenoffice/joomla_data/images/2026/02/18/_spmedia_thumbs/ss1.jpg,images/2026/02/18/_spmedia_thumbs/ss1.jpg,ss1.jpg,jpg,image/jpeg,100974,2026-02-18T09:19:18+07:00,c0b7424c36773280756b5cfbe7c5dd70eb4612646af5ffde995f282a6c1ec2d7,readable,non_zero,2569,2,2.2,2.2.1,2.2.1,activity_image,photo_evidence,review,needs_review,low,,manual_review,
/home/rae_admin/joomla-greenoffice/joomla_data/images/2026/02/18/_spmedia_thumbs/board_page_4.jpg,images/2026/02/18/_spmedia_thumbs/board_page_4.jpg,board_page_4.jpg,jpg,image/jpeg,47631,2026-02-18T10:59:25+07:00,1a428302632dda2ae9467501d1bf0564ff4934dc9fbb70715e21a2294088f166,readable,non_zero,2569,2,2.2,2.2.1,2.2.1,activity_image,photo_evidence,review,needs_review,low,,manual_review,
/home/rae_admin/joomla-greenoffice/joomla_data/images/2026/02/18/_spmedia_thumbs/board_page_2.jpg,images/2026/02/18/_spmedia_thumbs/board_page_2.jpg,board_page_2.jpg,jpg,image/jpeg,52754,2026-02-18T10:59:25+07:00,87261960ed5c9437c8603f1eb71062ff4d814f245673b56a97df6162b8a6cd8b,readable,non_zero,2569,2,2.2,2.2.1,2.2.1,activity_image,photo_evidence,review,needs_review,low,,manual_review,
/home/rae_admin/joomla-greenoffice/joomla_data/images/2026/02/18/_spmedia_thumbs/board_page_3.jpg,images/2026/02/18/_spmedia_thumbs/board_page_3.jpg,board_page_3.jpg,jpg,image/jpeg,54313,2026-02-18T10:59:25+07:00,e8397140d33c16c249ccf25afdb562b6a0feb145babd3fdad5898210837e1c3a,readable,non_zero,2569,2,2.2,2.2.1,2.2.1,activity_image,photo_evidence,review,needs_review,low,,manual_review,
/home/rae_admin/joomla-greenoffice/joomla_data/images/2026/02/18/_spmedia_thumbs/board_page_1.jpg,images/2026/02/18/_spmedia_thumbs/board_page_1.jpg,board_page_1.jpg,jpg,image/jpeg,58730,2026-02-18T10:59:24+07:00,c8b8870ef0ba49abed5eaeeb67a104b49c4c5633afe4fe2c0289e0e5ca14988a,readable,non_zero,2569,2,2.2,2.2.1,2.2.1,activity_image,photo_evidence,review,needs_review,low,,manual_review,
/home/rae_admin/joomla-greenoffice/joomla_data/images/2026/02/16/green7.png,images/2026/02/16/green7.png,green7.png,png,image/png,55109,2026-02-16T15:31:26+07:00,8813b598e1b2abae441d37a30a430ca4260f423a951ff432b84c37b51eddd7db,readable,non_zero,2569,2,2.2,2.2.1,2.2.1,activity_image,photo_evidence,review,needs_review,low,,manual_review,
/home/rae_admin/joomla-greenoffice/joomla_data/images/2026/02/16/2.png,images/2026/02/16/2.png,2.png,png,image/png,1168861,2026-02-16T13:57:31+07:00,25c24d40ffb7c4a87294102ba89b574fbf10b448b98035079284046ef39a9800,readable,non_zero,2569,2,2.2,2.2.1,2.2.1,activity_image,photo_evidence,review,needs_review,low,,manual_review,
/home/rae_admin/joomla-greenoffice/joomla_data/images/2026/02/16/green4.png,images/2026/02/16/green4.png,green4.png,png,image/png,59243,2026-02-16T15:31:26+07:00,1fc0e01e358fdbc44fa7aa3e86d0e55cada768df89e40e357b47b3cfff2ccfc6,readable,non_zero,2569,2,2.2,2.2.1,2.2.1,activity_image,photo_evidence,review,needs_review,low,,manual_review,
/home/rae_admin/joomla-greenoffice/joomla_data/images/2026/02/16/green5.png,images/2026/02/16/green5.png,green5.png,png,image/png,59173,2026-02-16T15:31:26+07:00,b72054008c5b852ec89c63efff6a24cf41e1addaf7f7c1617ae171f79239b4fc,readable,non_zero,2569,2,2.2,2.2.1,2.2.1,activity_image,photo_evidence,review,needs_review,low,,manual_review,
/home/rae_admin/joomla-greenoffice/joomla_data/images/2026/02/16/green2.png,images/2026/02/16/green2.png,green2.png,png,image/png,59327,2026-02-16T15:31:16+07:00,af4eac3034dbc72a36d06cad40158dcd7fba7b4cb41d9ddb87501bb3fe2a5ed3,readable,non_zero,2569,2,2.2,2.2.1,2.2.1,activity_image,photo_evidence,review,needs_review,low,,manual_review,
/home/rae_admin/joomla-greenoffice/joomla_data/images/2026/02/16/green6.png,images/2026/02/16/green6.png,green6.png,png,image/png,59411,2026-02-16T15:31:26+07:00,96adcc6e56a9b83066574dbe4e0bcc1fd237aa8972eacfad802497f61e4767d2,readable,non_zero,2569,2,2.2,2.2.1,2.2.1,activity_image,photo_evidence,review,needs_review,low,,manual_review,
/home/rae_admin/joomla-greenoffice/joomla_data/images/2026/02/16/green3.png,images/2026/02/16/green3.png,green3.png,png,image/png,59967,2026-02-16T15:31:21+07:00,19ead6b60609fb1fc61e5917f1f343c8a4a782766cbf76b0194f988a53094925,readable,non_zero,2569,2,2.2,2.2.1,2.2.1,activity_image,photo_evidence,review,needs_review,low,,manual_review,
/home/rae_admin/joomla-greenoffice/joomla_data/images/2026/02/16/green1.png,images/2026/02/16/green1.png,green1.png,png,image/png,61178,2026-02-16T15:30:36+07:00,c52eb1d37c728a1ebfa2193c0b3e4208a68d1ea2f33add8b95d24c01f6110297,readable,non_zero,2569,2,2.2,2.2.1,2.2.1,activity_image,photo_evidence,review,needs_review,low,,manual_review,
/home/rae_admin/joomla-greenoffice/joomla_data/images/2026/02/16/_spmedia_thumbs/2.png,images/2026/02/16/_spmedia_thumbs/2.png,2.png,png,image/png,117657,2026-02-16T13:57:31+07:00,8daccbf3535ef3dff593d400e83382667085606845771dc7f39b5f366b2416a7,readable,non_zero,2569,2,2.2,2.2.1,2.2.1,activity_image,photo_evidence,review,needs_review,low,,manual_review,
/home/rae_admin/joomla-greenoffice/joomla_data/images/2026/02/16/_spmedia_thumbs/11.png,images/2026/02/16/_spmedia_thumbs/11.png,11.png,png,image/png,114212,2026-02-16T15:03:00+07:00,707b1385aef7f500da3378715b985dd1074ce45469db889038eb929b6a81e78e,readable,non_zero,2569,2,2.2,2.2.1,2.2.1,activity_image,photo_evidence,review,needs_review,low,,manual_review,
/home/rae_admin/joomla-greenoffice/joomla_data/images/2026/02/17/j47.jpg,images/2026/02/17/j47.jpg,j47.jpg,jpg,image/jpeg,1897840,2026-02-17T16:03:54+07:00,0547eaee9365658daf010e49f4832fbe70bd94e0850bbcd405186b26804c4676,readable,non_zero,2569,2,2.2,2.2.1,2.2.1,activity_image,photo_evidence,review,needs_review,low,,manual_review,
/home/rae_admin/joomla-greenoffice/joomla_data/images/2026/02/17/j41.jpg,images/2026/02/17/j41.jpg,j41.jpg,jpg,image/jpeg,2711842,2026-02-17T16:03:54+07:00,bcb7992da9b0eb774d3d3834fcb5886704ff41d8b6e7d0f02bca2cd22351c92b,readable,non_zero,2569,2,2.2,2.2.1,2.2.1,activity_image,photo_evidence,review,needs_review,low,,manual_review,
/home/rae_admin/joomla-greenoffice/joomla_data/images/2026/02/17/f141.jpg,images/2026/02/17/f141.jpg,f141.jpg,jpg,image/jpeg,454911,2026-02-17T16:06:38+07:00,08d6f33349a4d56535d82c7186af9c10afb24e99befa9bdbc622698dd71c715a,readable,non_zero,2569,2,2.2,2.2.1,2.2.1,activity_image,photo_evidence,review,needs_review,low,,manual_review,
/home/rae_admin/joomla-greenoffice/joomla_data/images/2026/02/17/j45.jpg,images/2026/02/17/j45.jpg,j45.jpg,jpg,image/jpeg,2260790,2026-02-17T16:03:54+07:00,82c3bf553f28f4536b26a3f3f9a49945694c0b45ba5dba5353f5a78c4b214040,readable,non_zero,2569,2,2.2,2.2.1,2.2.1,activity_image,photo_evidence,review,needs_review,low,,manual_review,
/home/rae_admin/joomla-greenoffice/joomla_data/images/2026/02/17/j46.jpg,images/2026/02/17/j46.jpg,j46.jpg,jpg,image/jpeg,1191422,2026-02-17T16:03:53+07:00,7f56a44a6f1b9ac3e3ce45ae99f2607d6b08981a9a4c8f2c0f03a1bdf28b6605,readable,non_zero,2569,2,2.2,2.2.1,2.2.1,activity_image,photo_evidence,review,needs_review,low,,manual_review,
/home/rae_admin/joomla-greenoffice/joomla_data/images/2026/02/17/f81.jpg,images/2026/02/17/f81.jpg,f81.jpg,jpg,image/jpeg,485798,2026-02-17T16:06:12+07:00,f6b773b8ab1e821b847767681c35934347b5b7361693beed5170514b976bae14,readable,non_zero,2569,2,2.2,2.2.1,2.2.1,activity_image,photo_evidence,review,needs_review,low,,manual_review,
/home/rae_admin/joomla-greenoffice/joomla_data/images/2026/02/17/f133.jpg,images/2026/02/17/f133.jpg,f133.jpg,jpg,image/jpeg,469147,2026-02-17T16:06:38+07:00,4340c0756df67f7cd935686ff6c3f1fa8e532d9867f0d104fc243a86c00dfb29,readable,non_zero,2569,2,2.2,2.2.1,2.2.1,activity_image,photo_evidence,review,needs_review,low,,manual_review,
/home/rae_admin/joomla-greenoffice/joomla_data/images/2026/02/17/j44.jpg,images/2026/02/17/j44.jpg,j44.jpg,jpg,image/jpeg,2372468,2026-02-17T16:03:54+07:00,5ce91c3625b60c0d3ad2b1ee04ff94d6fd3155d5d924a92855b8dcd0cdd7f582,readable,non_zero,2569,2,2.2,2.2.1,2.2.1,activity_image,photo_evidence,review,needs_review,low,,manual_review,
/home/rae_admin/joomla-greenoffice/joomla_data/images/2026/02/17/j48.jpg,images/2026/02/17/j48.jpg,j48.jpg,jpg,image/jpeg,2095752,2026-02-17T16:03:54+07:00,52485e728100b23b70d7a070359bb131c3ad8f3afbbb586d79383e62429405e8,readable,non_zero,2569,2,2.2,2.2.1,2.2.1,activity_image,photo_evidence,review,needs_review,low,,manual_review,
/home/rae_admin/joomla-greenoffice/joomla_data/images/2026/02/17/f121.jpg,images/2026/02/17/f121.jpg,f121.jpg,jpg,image/jpeg,421489,2026-02-17T16:06:12+07:00,3b5c1dbd4467ba400973445b4119b2adf9403d499548fa78d3110728af5cd607,readable,non_zero,2569,2,2.2,2.2.1,2.2.1,activity_image,photo_evidence,review,needs_review,low,,manual_review,
/home/rae_admin/joomla-greenoffice/joomla_data/images/2026/02/17/DSC_0072.jpg,images/2026/02/17/DSC_0072.jpg,DSC_0072.jpg,jpg,image/jpeg,4146297,2026-03-11T14:26:18.055298+07:00,7a6d64da80c29e0f6056239492b45a7ae6cb1862cbbaa9751de696fc683201c5,readable,non_zero,2569,2,2.2,2.2.1,2.2.1,activity_image,photo_evidence,review,needs_review,low,,manual_review,
/home/rae_admin/joomla-greenoffice/joomla_data/images/2026/02/17/j42.jpg,images/2026/02/17/j42.jpg,j42.jpg,jpg,image/jpeg,2681592,2026-02-17T16:03:54+07:00,a11c4969c5b221252f022b24170c6305ca70e6e1e38f3d739a7d826febb35898,readable,non_zero,2569,2,2.2,2.2.1,2.2.1,activity_image,photo_evidence,review,needs_review,low,,manual_review,
/home/rae_admin/joomla-greenoffice/joomla_data/images/2026/02/17/f111.jpg,images/2026/02/17/f111.jpg,f111.jpg,jpg,image/jpeg,488732,2026-02-17T16:06:12+07:00,3c3f1ba0c1ed5de6e0ffbfc48ccda3b9836df8420d2a9b74f24b0f4f249e9f1f,readable,non_zero,2569,2,2.2,2.2.1,2.2.1,activity_image,photo_evidence,review,needs_review,low,,manual_review,
/home/rae_admin/joomla-greenoffice/joomla_data/images/2026/02/17/sep84.jpg,images/2026/02/17/sep84.jpg,sep84.jpg,jpg,image/jpeg,307889,2026-02-17T16:18:28+07:00,966788cc808b34400038b8e116a5a007d3f9e4a5c5659cb39b1c070937d65ec8,readable,non_zero,2569,2,2.2,2.2.1,2.2.1,activity_image,photo_evidence,review,needs_review,low,,manual_review,
/home/rae_admin/joomla-greenoffice/joomla_data/images/2026/02/17/f101.jpg,images/2026/02/17/f101.jpg,f101.jpg,jpg,image/jpeg,428879,2026-02-17T16:06:12+07:00,d40bb1bb283ed74fe2aa982949029fd13498c4d28cbffbecae21dfa738084a6f,readable,non_zero,2569,2,2.2,2.2.1,2.2.1,activity_image,photo_evidence,review,needs_review,low,,manual_review,
/home/rae_admin/joomla-greenoffice/joomla_data/images/2026/02/17/_spmedia_thumbs/sep84.jpg,images/2026/02/17/_spmedia_thumbs/sep84.jpg,sep84.jpg,jpg,image/jpeg,87825,2026-02-17T16:18:28+07:00,b070d2a65e8d1781540dbbf0abe8a7fae031f34446f8863b09abe6d4314f1c8c,readable,non_zero,2569,2,2.2,2.2.1,2.2.1,activity_image,photo_evidence,review,needs_review,low,,manual_review,
/home/rae_admin/joomla-greenoffice/joomla_data/images/2026/activity2025/LINE_ALBUM_rab bi prakasGreen_250326_2.jpg,images/2026/activity2025/LINE_ALBUM_rab bi prakasGreen_250326_2.jpg,LINE_ALBUM_rab bi prakasGreen_250326_2.jpg,jpg,image/jpeg,409037,2026-03-12T13:59:56.578841+07:00,bdd43583d0fe52f713ae576982d039320e6ade7a771ba1d1a2cc49a1ee999ca4,readable,non_zero,2569,2,2.2,2.2.1,2.2.1,activity_image,photo_evidence,review,needs_review,low,,manual_review,
/home/rae_admin/joomla-greenoffice/joomla_data/images/img1/j2.png,images/img1/j2.png,j2.png,png,image/png,241601,2026-03-06T20:49:49+07:00,a23c9a0c6c4754954af99a6c6e27d39f8bae69e0027e81927c772f883610a435,readable,non_zero,2569,2,2.2,2.2.1,2.2.1,activity_image,photo_evidence,review,needs_review,low,,manual_review,
/home/rae_admin/joomla-greenoffice/joomla_data/images/img1/g65-4.jpg,images/img1/g65-4.jpg,g65-4.jpg,jpg,image/jpeg,540110,2026-03-06T20:49:55+07:00,fa358ae75bc1e3df88c4701b81c960f9c6d9bfc106d7727d9d75a33e367322db,readable,non_zero,2569,2,2.2,2.2.1,2.2.1,activity_image,photo_evidence,review,needs_review,low,,manual_review,
/home/rae_admin/joomla-greenoffice/joomla_data/images/img1/g5.png,images/img1/g5.png,g5.png,png,image/png,182088,2026-03-06T20:49:48+07:00,8a224dced3d306287e7a0c61cc7d867a6ff8c4c5963df9beae0956cf390f3540,readable,non_zero,2569,2,2.2,2.2.1,2.2.1,activity_image,photo_evidence,review,needs_review,low,,manual_review,
/home/rae_admin/joomla-greenoffice/joomla_data/images/img1/j1.png,images/img1/j1.png,j1.png,png,image/png,289440,2026-03-06T20:49:51+07:00,85ec199547e1b8b4c4f353cc3496a18ba6f575904cf4c7dd012362a7b67a8989,readable,non_zero,2569,2,2.2,2.2.1,2.2.1,activity_image,photo_evidence,review,needs_review,low,,manual_review,
/home/rae_admin/joomla-greenoffice/joomla_data/images/img1/wp7.jpg,images/img1/wp7.jpg,wp7.jpg,jpg,image/jpeg,532404,2026-03-06T20:49:57+07:00,49fd9552074db418ff8e261e9c4d09c754a83349db098c8d568fda926e068575,readable,non_zero,2569,2,2.2,2.2.1,2.2.1,activity_image,photo_evidence,review,needs_review,low,,manual_review,
/home/rae_admin/joomla-greenoffice/joomla_data/images/img1/communication.png,images/img1/communication.png,communication.png,png,image/png,16315,2026-03-06T20:49:47+07:00,ccc02294c1512273d1f1cfe63dc02d459826f1bf2e3c6dd5fbcbabb8643fc7fa,readable,non_zero,2569,2,2.2,2.2.1,2.2.1,activity_image,photo_evidence,review,needs_review,low,,manual_review,
/home/rae_admin/joomla-greenoffice/joomla_data/images/img1/recycling-bin.png,images/img1/recycling-bin.png,recycling-bin.png,png,image/png,14184,2026-03-06T20:49:49+07:00,7d4182e5f663753a679fcf6f05197db371d3d0a3fe04d6ab1d8ea983e029450b,readable,non_zero,2569,2,2.2,2.2.1,2.2.1,activity_image,photo_evidence,review,needs_review,low,,manual_review,
/home/rae_admin/joomla-greenoffice/joomla_data/images/img1/diaregram2.png,images/img1/diaregram2.png,diaregram2.png,png,image/png,27860,2026-03-06T20:49:47+07:00,0d5f65b9232c09053d13a2895ad2259cf1f30d9e58b4b4bd1a8dd65242e8f994,readable,non_zero,2569,2,2.2,2.2.1,2.2.1,activity_image,photo_evidence,review,needs_review,low,,manual_review,
/home/rae_admin/joomla-greenoffice/joomla_data/images/img1/000-64-page-002.jpg,images/img1/000-64-page-002.jpg,000-64-page-002.jpg,jpg,image/jpeg,211271,2026-03-06T20:49:46+07:00,d64329e3efda007c14b2d97000da74573981d52eeb9896c6597999ee11e72e4b,readable,non_zero,2569,2,2.2,2.2.1,2.2.1,activity_image,photo_evidence,review,needs_review,low,,manual_review,
/home/rae_admin/joomla-greenoffice/joomla_data/images/img1/000-64-page-003.jpg,images/img1/000-64-page-003.jpg,000-64-page-003.jpg,jpg,image/jpeg,216691,2026-03-06T20:49:46+07:00,873d7d38119bee96cf28a024e443f942bb0e3a2f3cbf730efa9856988295e9c9,readable,non_zero,2569,2,2.2,2.2.1,2.2.1,activity_image,photo_evidence,review,needs_review,low,,manual_review,
/home/rae_admin/joomla-greenoffice/joomla_data/images/img1/wp6.jpg,images/img1/wp6.jpg,wp6.jpg,jpg,image/jpeg,428017,2026-03-06T20:49:51+07:00,57a9f0cb330e69d54083de42d2fd1b93ef027a647a57dd6e6f79f5d5fd44547b,readable,non_zero,2569,2,2.2,2.2.1,2.2.1,activity_image,photo_evidence,review,needs_review,low,,manual_review,
/home/rae_admin/joomla-greenoffice/joomla_data/images/img1/g65-6.jpg,images/img1/g65-6.jpg,g65-6.jpg,jpg,image/jpeg,383247,2026-03-06T20:49:51+07:00,d4fec57d09456319639907e81a2906dde28eea3d7f7827aa9e3d39ce21ede9a5,readable,non_zero,2569,2,2.2,2.2.1,2.2.1,activity_image,photo_evidence,review,needs_review,low,,manual_review,
/home/rae_admin/joomla-greenoffice/joomla_data/images/img1/g1.png,images/img1/g1.png,g1.png,png,image/png,161556,2026-03-06T20:49:47+07:00,38fb9064a02d851b5e8d6f6fd301dc13609c6585289676a08c90b392ec18e18a,readable,non_zero,2569,2,2.2,2.2.1,2.2.1,activity_image,photo_evidence,review,needs_review,low,,manual_review,
/home/rae_admin/joomla-greenoffice/joomla_data/images/img1/2022-09-19_15-41-56.png,images/img1/2022-09-19_15-41-56.png,2022-09-19_15-41-56.png,png,image/png,213027,2026-03-06T20:49:47+07:00,9ef936a85c39d275fe647b463f1dd48dae3a7909dcc4e8d2dcc9f5c8784e4646,readable,non_zero,2565,2,2.2,2.2.1,2.2.1,activity_image,photo_evidence,review,needs_review,low,,manual_review,
/home/rae_admin/joomla-greenoffice/joomla_data/images/img1/diaregram1.png,images/img1/diaregram1.png,diaregram1.png,png,image/png,23856,2026-03-06T20:49:47+07:00,9aa6734ed5144f2b2bb291c85591f165477112fa23ae9e72a58edfeabda567b0,readable,non_zero,2569,2,2.2,2.2.1,2.2.1,activity_image,photo_evidence,review,needs_review,low,,manual_review,
/home/rae_admin/joomla-greenoffice/joomla_data/images/img1/g65-1.jpg,images/img1/g65-1.jpg,g65-1.jpg,jpg,image/jpeg,596244,2026-03-06T20:49:52+07:00,bc8ab689d76238da3092ed8abca14bed02bc3a1fecc3b0544df1e15170bbe90e,readable,non_zero,2569,2,2.2,2.2.1,2.2.1,activity_image,photo_evidence,review,needs_review,low,,manual_review,
/home/rae_admin/joomla-greenoffice/joomla_data/images/img1/employee.png,images/img1/employee.png,employee.png,png,image/png,17132,2026-03-06T20:49:47+07:00,db2d4081fb450e80553140eebc8d11a26c54169e18da41b79979e513452b420a,readable,non_zero,2569,2,2.2,2.2.1,2.2.1,activity_image,photo_evidence,review,needs_review,low,,manual_review,
/home/rae_admin/joomla-greenoffice/joomla_data/images/img1/2020-03-23_10-32-32-2.png,images/img1/2020-03-23_10-32-32-2.png,2020-03-23_10-32-32-2.png,png,image/png,333212,2026-03-06T20:49:49+07:00,2f1ff5d6456ebd3fb0f90782455ece335d0190099cd9a647fabe8c31a9501dae,readable,non_zero,2563,2,2.2,2.2.1,2.2.1,activity_image,photo_evidence,review,needs_review,low,,manual_review,
/home/rae_admin/joomla-greenoffice/joomla_data/images/img1/000-64-page-004.jpg,images/img1/000-64-page-004.jpg,000-64-page-004.jpg,jpg,image/jpeg,190047,2026-03-06T20:49:46+07:00,aa56dd17300574bb0aba62faf1a64bf480f4e2dc9e5c049174045a0fcdc82cb5,readable,non_zero,2569,2,2.2,2.2.1,2.2.1,activity_image,photo_evidence,review,needs_review,low,,manual_review,
/home/rae_admin/joomla-greenoffice/joomla_data/images/img1/2021-03-19_14-34-47.jpg,images/img1/2021-03-19_14-34-47.jpg,2021-03-19_14-34-47.jpg,jpg,image/jpeg,299818,2026-03-06T20:49:49+07:00,1338c2c4532f090ff8954ec878531b9d9e75e503c487e1ab015baf158784990c,readable,non_zero,2564,2,2.2,2.2.1,2.2.1,activity_image,photo_evidence,review,needs_review,low,,manual_review,
/home/rae_admin/joomla-greenoffice/joomla_data/images/img1/000-64-page-005.jpg,images/img1/000-64-page-005.jpg,000-64-page-005.jpg,jpg,image/jpeg,200048,2026-03-06T20:49:47+07:00,2af0061c6b727c2678fe8ebc303534cd9b8aecf833ed8de8dece978867610dc4,readable,non_zero,2569,2,2.2,2.2.1,2.2.1,activity_image,photo_evidence,review,needs_review,low,,manual_review,
/home/rae_admin/joomla-greenoffice/joomla_data/images/img1/eco-energy.png,images/img1/eco-energy.png,eco-energy.png,png,image/png,19425,2026-03-06T20:49:47+07:00,dbda195d2b030ebdd1e1315106a01bd5c9d1176ea45a8fe3265294727ca60659,readable,non_zero,2569,2,2.2,2.2.1,2.2.1,activity_image,photo_evidence,review,needs_review,low,,manual_review,
/home/rae_admin/joomla-greenoffice/joomla_data/images/img1/g65-2.jpg,images/img1/g65-2.jpg,g65-2.jpg,jpg,image/jpeg,648778,2026-03-06T20:49:52+07:00,a2b285e9928f80435b9bc00f8dc2b041e2ff807ca515fdc3157470d2f9fd461c,readable,non_zero,2569,2,2.2,2.2.1,2.2.1,activity_image,photo_evidence,review,needs_review,low,,manual_review,
/home/rae_admin/joomla-greenoffice/joomla_data/images/img1/g4.png,images/img1/g4.png,g4.png,png,image/png,162300,2026-03-06T20:49:47+07:00,176d730fe2a14d633cb0a30255db40e6fb4e28395a388442ed2d60717b210c1c,readable,non_zero,2569,2,2.2,2.2.1,2.2.1,activity_image,photo_evidence,review,needs_review,low,,manual_review,
/home/rae_admin/joomla-greenoffice/joomla_data/images/img1/Drawing3.png,images/img1/Drawing3.png,Drawing3.png,png,image/png,33169,2026-03-06T20:49:47+07:00,3307c8c568f88ffd14fd073a23367e106c7fd9d19344233eb59f8dc1209c36f5,readable,non_zero,2569,2,2.2,2.2.1,2.2.1,activity_image,photo_evidence,review,needs_review,low,,manual_review,
/home/rae_admin/joomla-greenoffice/joomla_data/images/img1/000-64-page-006.jpg,images/img1/000-64-page-006.jpg,000-64-page-006.jpg,jpg,image/jpeg,195925,2026-03-06T20:49:46+07:00,cdb22cbd221c7df23538f1eef22805ad9e11311829a05cf08bd3c9312b178d72,readable,non_zero,2569,2,2.2,2.2.1,2.2.1,activity_image,photo_evidence,review,needs_review,low,,manual_review,
/home/rae_admin/joomla-greenoffice/joomla_data/images/img1/g65-5.jpg,images/img1/g65-5.jpg,g65-5.jpg,jpg,image/jpeg,585151,2026-03-06T20:49:54+07:00,20824c99304d7c91e562ba6124755ead493e334f246e0526330830ecaec0ca8c,readable,non_zero,2569,2,2.2,2.2.1,2.2.1,activity_image,photo_evidence,review,needs_review,low,,manual_review,
/home/rae_admin/joomla-greenoffice/joomla_data/images/img1/g65-0.jpg,images/img1/g65-0.jpg,g65-0.jpg,jpg,image/jpeg,707485,2026-03-06T20:49:51+07:00,7e81c9e6ea6241db8c24340e33ea6f5bbaa5c9175335ed586dd01a735e3f9b56,readable,non_zero,2569,2,2.2,2.2.1,2.2.1,activity_image,photo_evidence,review,needs_review,low,,manual_review,
/home/rae_admin/joomla-greenoffice/joomla_data/images/img1/logo.png,images/img1/logo.png,logo.png,png,image/png,116753,2026-03-06T20:49:48+07:00,7160910f9d4722df67131303d0fdeb8dc2711d806eddf43b009bd9d0e63da625,readable,non_zero,2569,2,2.2,2.2.1,2.2.1,activity_image,photo_evidence,review,needs_review,low,,manual_review,
/home/rae_admin/joomla-greenoffice/joomla_data/images/img1/shopping-cart.png,images/img1/shopping-cart.png,shopping-cart.png,png,image/png,20330,2026-03-06T20:49:49+07:00,b91a17cbe36df589d6b9ec45ff91af23090197eeee5b1de2449f5026b9c386db,readable,non_zero,2569,2,2.2,2.2.1,2.2.1,activity_image,photo_evidence,review,needs_review,low,,manual_review,
/home/rae_admin/joomla-greenoffice/joomla_data/images/img1/g65-3.jpg,images/img1/g65-3.jpg,g65-3.jpg,jpg,image/jpeg,594385,2026-03-06T20:49:54+07:00,de5d02db909ef2798efe92b2fcb688b4bd44d133f94f4a7141d4aade35844d73,readable,non_zero,2569,2,2.2,2.2.1,2.2.1,activity_image,photo_evidence,review,needs_review,low,,manual_review,
/home/rae_admin/joomla-greenoffice/joomla_data/images/img1/2020-03-23_10-32-32-1.png,images/img1/2020-03-23_10-32-32-1.png,2020-03-23_10-32-32-1.png,png,image/png,441374,2026-03-06T20:49:50+07:00,ee41b360a69bc5f949dfa26d56e8c0204e0f425bf41051e78305a5ddafb276c7,readable,non_zero,2563,2,2.2,2.2.1,2.2.1,activity_image,photo_evidence,review,needs_review,low,,manual_review,
/home/rae_admin/joomla-greenoffice/joomla_data/images/img1/000-64-page-001.jpg,images/img1/000-64-page-001.jpg,000-64-page-001.jpg,jpg,image/jpeg,212576,2026-03-06T20:49:46+07:00,98a983d313fafa776d9a6ded6371588c02e4a684713aae55eb5e8c252a5ba771,readable,non_zero,2569,2,2.2,2.2.1,2.2.1,activity_image,photo_evidence,review,needs_review,low,,manual_review,
/home/rae_admin/joomla-greenoffice/joomla_data/images/img1/g3.png,images/img1/g3.png,g3.png,png,image/png,173391,2026-03-06T20:49:47+07:00,30efcee3f08a855a049dc2541ac3d2ef6fd64a4769df34c86343b882fa288c5c,readable,non_zero,2569,2,2.2,2.2.1,2.2.1,activity_image,photo_evidence,review,needs_review,low,,manual_review,
/home/rae_admin/joomla-greenoffice/joomla_data/images/img1/wp4.jpg,images/img1/wp4.jpg,wp4.jpg,jpg,image/jpeg,647420,2026-03-06T20:49:55+07:00,1479afe9c0db1f904eb437d5e989823857e0bd67a2ba49266e2d19a95a553eab,readable,non_zero,2569,2,2.2,2.2.1,2.2.1,activity_image,photo_evidence,review,needs_review,low,,manual_review,
/home/rae_admin/joomla-greenoffice/joomla_data/images/img1/wp5.jpg,images/img1/wp5.jpg,wp5.jpg,jpg,image/jpeg,506788,2026-03-06T20:49:51+07:00,673c11d98e81e9a008da0e3627d0c9ef67bc7032b8dd2936f93f271e277de7ec,readable,non_zero,2569,2,2.2,2.2.1,2.2.1,activity_image,photo_evidence,review,needs_review,low,,manual_review,
/home/rae_admin/joomla-greenoffice/joomla_data/images/img1/g2.png,images/img1/g2.png,g2.png,png,image/png,169966,2026-03-06T20:49:48+07:00,cf6a3eedf8229aa1376cf607c41e7cc72fb41c87f7560da9370509944f09aaf2,readable,non_zero,2569,2,2.2,2.2.1,2.2.1,activity_image,photo_evidence,review,needs_review,low,,manual_review,
/home/rae_admin/joomla-greenoffice/joomla_data/images/img1/g6.png,images/img1/g6.png,g6.png,png,image/png,160534,2026-03-06T20:49:48+07:00,6b4eeec0464cc9689a00f97e9aee89cd543ff1fbe1158225aa833e86274c93a3,readable,non_zero,2569,2,2.2,2.2.1,2.2.1,activity_image,photo_evidence,review,needs_review,low,,manual_review,
/home/rae_admin/joomla-greenoffice/joomla_data/images/img1/wp8.jpg,images/img1/wp8.jpg,wp8.jpg,jpg,image/jpeg,649531,2026-03-06T20:49:57+07:00,aa643c741615fd7533ce4a985aed97f7c9dd49acec57cb60c1fec5a33f6ed6be,readable,non_zero,2569,2,2.2,2.2.1,2.2.1,activity_image,photo_evidence,review,needs_review,low,,manual_review,
/home/rae_admin/joomla-greenoffice/joomla_data/images/img1/3Rs2.jpg,images/img1/3Rs2.jpg,3Rs2.jpg,jpg,image/jpeg,3130381,2026-03-06T20:50:06+07:00,95deeb96004555f36fcc263bd428bd24720c73cf8ed38e80df2340f8edd96b89,readable,non_zero,2569,2,2.2,2.2.1,2.2.1,activity_image,photo_evidence,review,needs_review,low,,manual_review,
/home/rae_admin/joomla-greenoffice/joomla_data/images/img1/th/printerall1.png,images/img1/th/printerall1.png,printerall1.png,png,image/png,658034,2026-03-06T20:49:58+07:00,ee89be1eb893d37dc1a33659a22f9c16175c40c48e497ac7837c27d4a787b7a7,readable,non_zero,2569,2,2.2,2.2.1,2.2.1,activity_image,photo_evidence,review,needs_review,low,,manual_review,
/home/rae_admin/joomla-greenoffice/joomla_data/images/img1/th/air1.jpg,images/img1/th/air1.jpg,air1.jpg,jpg,image/jpeg,406153,2026-03-06T20:49:56+07:00,b5a11951e3d81689ca241a4f236f64b9b06ccd09fb5ed9e7f436a22bac52f731,readable,non_zero,2569,2,2.2,2.2.1,2.2.1,activity_image,photo_evidence,review,needs_review,low,,manual_review,
/home/rae_admin/joomla-greenoffice/joomla_data/images/img1/th/353554.jpg,images/img1/th/353554.jpg,353554.jpg,jpg,image/jpeg,172220,2026-03-06T20:49:53+07:00,55504877694b39553ab253d0e0dba31edd65a9c82086831a0b90772bcb09ef10,readable,non_zero,2569,2,2.2,2.2.1,2.2.1,activity_image,photo_evidence,review,needs_review,low,,manual_review,
/home/rae_admin/joomla-greenoffice/joomla_data/images/img1/th/w1.jpg,images/img1/th/w1.jpg,w1.jpg,jpg,image/jpeg,612144,2026-03-06T20:49:58+07:00,2530dfd42f02d282295c25b57bca05bd594daaf1ebd5a3535b9817562614e79e,readable,non_zero,2569,2,2.2,2.2.1,2.2.1,activity_image,photo_evidence,review,needs_review,low,,manual_review,
/home/rae_admin/joomla-greenoffice/joomla_data/images/img1/th/20220920_162009.jpg,images/img1/th/20220920_162009.jpg,20220920_162009.jpg,jpg,image/jpeg,2843419,2026-03-06T20:50:08+07:00,24314edfab788c4bd395e8acd0a7edcb0c58cdd2462a8b72b22d43c453ade941,readable,non_zero,2565,2,2.2,2.2.1,2.2.1,activity_image,photo_evidence,review,needs_review,low,,manual_review,
/home/rae_admin/joomla-greenoffice/joomla_data/images/img1/th/20220920_1619241.jpg,images/img1/th/20220920_1619241.jpg,20220920_1619241.jpg,jpg,image/jpeg,4092287,2026-03-06T20:50:11+07:00,7a18c6363950a4b7616c0c9d8ba516ce8965820199d20a09864af96ab66c3078,readable,non_zero,2565,2,2.2,2.2.1,2.2.1,activity_image,photo_evidence,review,needs_review,low,,manual_review,
/home/rae_admin/joomla-greenoffice/joomla_data/images/img1/th/20220920_1614071.jpg,images/img1/th/20220920_1614071.jpg,20220920_1614071.jpg,jpg,image/jpeg,2840608,2026-03-06T20:50:08+07:00,7d10221087cc41b8c24bb06946fea96fc9580e7d8e9f084c3f4eea6768b4e693,readable,non_zero,2565,2,2.2,2.2.1,2.2.1,activity_image,photo_evidence,review,needs_review,low,,manual_review,
/home/rae_admin/joomla-greenoffice/joomla_data/images/img1/th/r1.jpg,images/img1/th/r1.jpg,r1.jpg,jpg,image/jpeg,57673,2026-03-06T20:49:53+07:00,361d6f0b0a6cd7b1ceb9157feda609d152dc865fcc5b1936d8d3145736fd6801,readable,non_zero,2569,2,2.2,2.2.1,2.2.1,activity_image,photo_evidence,review,needs_review,low,,manual_review,
/home/rae_admin/joomla-greenoffice/joomla_data/images/img1/th/w5.jpg,images/img1/th/w5.jpg,w5.jpg,jpg,image/jpeg,15835,2026-03-06T20:49:54+07:00,797183ea757e375e09c600bbdfd0ace97911b4a6f848c1d39cf61ad08beac4c0,readable,non_zero,2569,2,2.2,2.2.1,2.2.1,activity_image,photo_evidence,review,needs_review,low,,manual_review,
/home/rae_admin/joomla-greenoffice/joomla_data/images/img1/th/2020-03-23_10-09-39_th.png,images/img1/th/2020-03-23_10-09-39_th.png,2020-03-23_10-09-39_th.png,png,image/png,5273,2026-03-06T20:49:52+07:00,9f33afd21f4d8ff8bf8893f531674cdf753a02d429b1e37cfc16a208aa5b6d06,readable,non_zero,2563,2,2.2,2.2.1,2.2.1,activity_image,photo_evidence,review,needs_review,low,,manual_review,
/home/rae_admin/joomla-greenoffice/joomla_data/images/img1/th/Mode_sleep_Hibernate-4.png,images/img1/th/Mode_sleep_Hibernate-4.png,Mode_sleep_Hibernate-4.png,png,image/png,54817,2026-03-06T20:49:53+07:00,c37d372826e0f4ab2d70c29a944a916f50d88c6de539a686fcb07e9f7d93d8e8,readable,non_zero,2569,2,2.2,2.2.1,2.2.1,activity_image,photo_evidence,review,needs_review,low,,manual_review,
/home/rae_admin/joomla-greenoffice/joomla_data/images/img1/th/w6.jpg,images/img1/th/w6.jpg,w6.jpg,jpg,image/jpeg,67923,2026-03-06T20:49:54+07:00,b5b070b7a45a1843f4fee96722de8ae8ce9241f09d976587349e7d4d8c713c19,readable,non_zero,2569,2,2.2,2.2.1,2.2.1,activity_image,photo_evidence,review,needs_review,low,,manual_review,
/home/rae_admin/joomla-greenoffice/joomla_data/images/img1/th/20220920_1615241.jpg,images/img1/th/20220920_1615241.jpg,20220920_1615241.jpg,jpg,image/jpeg,3443418,2026-03-06T20:50:11+07:00,ff0a8950ad6bf5a990ae32555bdb8fdec395aa0aa327103dc51af269115950c9,readable,non_zero,2565,2,2.2,2.2.1,2.2.1,activity_image,photo_evidence,review,needs_review,low,,manual_review,
/home/rae_admin/joomla-greenoffice/joomla_data/images/img1/th/Mode_sleep_Hibernate-7.png,images/img1/th/Mode_sleep_Hibernate-7.png,Mode_sleep_Hibernate-7.png,png,image/png,63996,2026-03-06T20:49:53+07:00,e0d829ca1576614db6af69819c915add105a7375ef33fc8bf9353fc0482ed64f,readable,non_zero,2569,2,2.2,2.2.1,2.2.1,activity_image,photo_evidence,review,needs_review,low,,manual_review,
/home/rae_admin/joomla-greenoffice/joomla_data/images/img1/th/5d0884eb2e393.jpeg,images/img1/th/5d0884eb2e393.jpeg,5d0884eb2e393.jpeg,jpeg,image/jpeg,75922,2026-03-06T20:49:53+07:00,8a520dfeac0b08935c7ace7c3d2af2eb061b22f310f1d7f118eeb75bbec09bd4,readable,non_zero,2569,2,2.2,2.2.1,2.2.1,activity_image,photo_evidence,review,needs_review,low,,manual_review,
/home/rae_admin/joomla-greenoffice/joomla_data/images/img1/th/wp7_th.jpg,images/img1/th/wp7_th.jpg,wp7_th.jpg,jpg,image/jpeg,2003,2026-03-06T20:49:54+07:00,d4dd9c7bbaa943322de2514a520b5dd7e100c89b0cf7a967fbb236e682332d87,readable,non_zero,2569,2,2.2,2.2.1,2.2.1,activity_image,photo_evidence,review,needs_review,low,,manual_review,
/home/rae_admin/joomla-greenoffice/joomla_data/images/img1/th/w7.jpg,images/img1/th/w7.jpg,w7.jpg,jpg,image/jpeg,121237,2026-03-06T20:49:54+07:00,6acfb84fb362e1872e75555bab3fedc0c11ceb62dcfcb3b2643010e1a86086bc,readable,non_zero,2569,2,2.2,2.2.1,2.2.1,activity_image,photo_evidence,review,needs_review,low,,manual_review,
/home/rae_admin/joomla-greenoffice/joomla_data/images/img1/th/wp8_th.jpg,images/img1/th/wp8_th.jpg,wp8_th.jpg,jpg,image/jpeg,2273,2026-03-06T20:49:54+07:00,34c85009f59c3a43a77bed475054aab2110bdca39dc6af20b9a7d43bc6ce01c6,readable,non_zero,2569,2,2.2,2.2.1,2.2.1,activity_image,photo_evidence,review,needs_review,low,,manual_review,
/home/rae_admin/joomla-greenoffice/joomla_data/images/img1/th/20220922_152856.jpg,images/img1/th/20220922_152856.jpg,20220922_152856.jpg,jpg,image/jpeg,3577061,2026-03-06T20:50:11+07:00,cbc5801334335fb8469ff403c716881601f9aa6762e3116ee5e7d74c2a93f31c,readable,non_zero,2565,2,2.2,2.2.1,2.2.1,activity_image,photo_evidence,review,needs_review,low,,manual_review,
/home/rae_admin/joomla-greenoffice/joomla_data/images/img1/th/index.html,images/img1/th/index.html,index.html,html,text/html,31,2026-03-06T20:49:53+07:00,b1f5b9c329d8f4c9bb9d4b2dc820419b8a277e2886af023777a399c9ec187a2c,readable,non_zero,2569,,,,,unknown,other,review,unmapped,low,,manual_review,
/home/rae_admin/joomla-greenoffice/joomla_data/images/img1/th/0_St0ojXwuNJgIke4P.jpg,images/img1/th/0_St0ojXwuNJgIke4P.jpg,0_St0ojXwuNJgIke4P.jpg,jpg,image/jpeg,37984,2026-03-06T20:49:52+07:00,c62688d956eb653257e1bcf23abd0eb439d4999ede41c9da9d41545d09343f40,readable,non_zero,2569,2,2.2,2.2.1,2.2.1,activity_image,photo_evidence,review,needs_review,low,,manual_review,
/home/rae_admin/joomla-greenoffice/joomla_data/images/img1/th/air2.jpg,images/img1/th/air2.jpg,air2.jpg,jpg,image/jpeg,998022,2026-03-06T20:50:00+07:00,8319069bb44ee6648586c86d9890518c85fe431be18057f7fb2d34c46b377c0f,readable,non_zero,2569,2,2.2,2.2.1,2.2.1,activity_image,photo_evidence,review,needs_review,low,,manual_review,
/home/rae_admin/joomla-greenoffice/joomla_data/images/img1/th/r2.jpg,images/img1/th/r2.jpg,r2.jpg,jpg,image/jpeg,98852,2026-03-06T20:49:53+07:00,54bd950239675309436891ff4addc7a00dd197cac34fa6a86568b2f06d2ce0a7,readable,non_zero,2569,2,2.2,2.2.1,2.2.1,activity_image,photo_evidence,review,needs_review,low,,manual_review,
/home/rae_admin/joomla-greenoffice/joomla_data/images/img1/th/Mode_sleep_Hibernate-3.png,images/img1/th/Mode_sleep_Hibernate-3.png,Mode_sleep_Hibernate-3.png,png,image/png,50184,2026-03-06T20:49:53+07:00,f476c3ad8c9b6125c1dcfb25c76ecf6e5b222907fda91f6cda68c32c23175ed4,readable,non_zero,2569,2,2.2,2.2.1,2.2.1,activity_image,photo_evidence,review,needs_review,low,,manual_review,
/home/rae_admin/joomla-greenoffice/joomla_data/images/img1/th/2022-09-29_11-00-58.png,images/img1/th/2022-09-29_11-00-58.png,2022-09-29_11-00-58.png,png,image/png,267312,2026-03-06T20:49:55+07:00,c5611e2c876bc21203e677cd7dee6b5c083d80960d6c41a2ed8fc145f1d31c94,readable,non_zero,2565,2,2.2,2.2.1,2.2.1,activity_image,photo_evidence,review,needs_review,low,,manual_review,
/home/rae_admin/joomla-greenoffice/joomla_data/images/img1/th/w3.jpg,images/img1/th/w3.jpg,w3.jpg,jpg,image/jpeg,41200,2026-03-06T20:49:54+07:00,1727a2d4a3e168cb4e741bf9ba1e6035878f37e18899ee23d60db9c7a686ce1b,readable,non_zero,2569,2,2.2,2.2.1,2.2.1,activity_image,photo_evidence,review,needs_review,low,,manual_review,
/home/rae_admin/joomla-greenoffice/joomla_data/images/img1/th/20220907_125153.jpg,images/img1/th/20220907_125153.jpg,20220907_125153.jpg,jpg,image/jpeg,3633853,2026-03-06T20:50:10+07:00,cafa267a639cbd96470ac08120f04169e4fe20051257f4dc3835ab4459d09054,readable,non_zero,2565,2,2.2,2.2.1,2.2.1,activity_image,photo_evidence,review,needs_review,low,,manual_review,
/home/rae_admin/joomla-greenoffice/joomla_data/images/img1/th/e1.jpg,images/img1/th/e1.jpg,e1.jpg,jpg,image/jpeg,3270077,2026-03-06T20:50:10+07:00,3f553c75bc168d342e642974e6c0d1d55ec3835ccf72b383302b2bdbe7d20d3f,readable,non_zero,2569,2,2.2,2.2.1,2.2.1,activity_image,photo_evidence,review,needs_review,low,,manual_review,
/home/rae_admin/joomla-greenoffice/joomla_data/images/img1/th/wp4_th.jpg,images/img1/th/wp4_th.jpg,wp4_th.jpg,jpg,image/jpeg,2732,2026-03-06T20:49:54+07:00,424c42b66ecb12b75d8f5084d0a6f4040c5b4e0ff0240fc685479933d57b4269,readable,non_zero,2569,2,2.2,2.2.1,2.2.1,activity_image,photo_evidence,review,needs_review,low,,manual_review,
/home/rae_admin/joomla-greenoffice/joomla_data/images/img1/th/20220920_1612261.jpg,images/img1/th/20220920_1612261.jpg,20220920_1612261.jpg,jpg,image/jpeg,3054090,2026-03-06T20:50:09+07:00,069c822bb8ca714c20527fdca039edd5ea66ed5470910fbd76f0b4e58bcef984,readable,non_zero,2565,2,2.2,2.2.1,2.2.1,activity_image,photo_evidence,review,needs_review,low,,manual_review,
/home/rae_admin/joomla-greenoffice/joomla_data/images/img1/th/wp6_th.jpg,images/img1/th/wp6_th.jpg,wp6_th.jpg,jpg,image/jpeg,2137,2026-03-06T20:49:54+07:00,3628e99d73638deb1ba2cd9b896968ebba34a78a0f05592f42f6eb849d29be85,readable,non_zero,2569,2,2.2,2.2.1,2.2.1,activity_image,photo_evidence,review,needs_review,low,,manual_review,
/home/rae_admin/joomla-greenoffice/joomla_data/images/img1/th/w2.jpg,images/img1/th/w2.jpg,w2.jpg,jpg,image/jpeg,119156,2026-03-06T20:49:54+07:00,f2a0fac44d8080606d5a0bc2a2cf36e6852ca21ebe2fa158ac0063c50322421d,readable,non_zero,2569,2,2.2,2.2.1,2.2.1,activity_image,photo_evidence,review,needs_review,low,,manual_review,
/home/rae_admin/joomla-greenoffice/joomla_data/images/img1/th/e2.jpg,images/img1/th/e2.jpg,e2.jpg,jpg,image/jpeg,3022585,2026-03-06T20:50:10+07:00,14bf95710b72b450a68353e238b56129512a916dc8bc7810e5d59a7ea62c1edf,readable,non_zero,2569,2,2.2,2.2.1,2.2.1,activity_image,photo_evidence,review,needs_review,low,,manual_review,
/home/rae_admin/joomla-greenoffice/joomla_data/images/img1/th/w4.jpg,images/img1/th/w4.jpg,w4.jpg,jpg,image/jpeg,135174,2026-03-06T20:49:54+07:00,49c65b9777ba4dcace1d8142edcc4d0e9ef5ef149470335ad36b61eb3b3ddc80,readable,non_zero,2569,2,2.2,2.2.1,2.2.1,activity_image,photo_evidence,review,needs_review,low,,manual_review,
/home/rae_admin/joomla-greenoffice/joomla_data/images/img1/th/r3.jpg,images/img1/th/r3.jpg,r3.jpg,jpg,image/jpeg,69798,2026-03-06T20:49:53+07:00,c7d530756076a8907ff66cf9bb6ca6eb48d8e7ae67b8b2ed5b798b873f37afab,readable,non_zero,2569,2,2.2,2.2.1,2.2.1,activity_image,photo_evidence,review,needs_review,low,,manual_review,
/home/rae_admin/joomla-greenoffice/joomla_data/images/img1/th/wp5_th.jpg,images/img1/th/wp5_th.jpg,wp5_th.jpg,jpg,image/jpeg,2421,2026-03-06T20:49:54+07:00,4481ebb229b6b81417e43414cfd3f3fa779696563e65fe4255d6ed23b508e2f6,readable,non_zero,2569,2,2.2,2.2.1,2.2.1,activity_image,photo_evidence,review,needs_review,low,,manual_review,
